x_in_pix,y_in_pix,z_in_pix,integratedIntensity,residuals,image_number,sample,image,physicalSizeX,physicalSizeY,physicalSizeZ
130.013579874838,124.443324702728,11.2028532100689,15923.8868988424,674.670484871984,1,CT16,lLNv01,0.06369344203787111,0.06369344203787111,0.3
252.931236790354,266.67610317056,17.6619065472972,12945.3970888343,398.780239032851,1,CT16,lLNv01,0.06369344203787111,0.06369344203787111,0.3
251.352118122783,206.962869203362,8.19448862704092,20731.3592729993,1049.97249036555,1,CT16,lLNv01,0.06369344203787111,0.06369344203787111,0.3
137.260261472924,169.019976628944,7.83119117345515,6995.22378127219,1287.81458375086,1,CT16,lLNv01,0.06369344203787111,0.06369344203787111,0.3
248.300400155049,182.292062755754,9.32233149770553,24867.3956958139,1332.78352843388,1,CT16,lLNv01,0.06369344203787111,0.06369344203787111,0.3
179.569515719646,187.683606111772,11.4231569708715,32744.1684922137,858.357577930295,1,CT16,lLNv01,0.06369344203787111,0.06369344203787111,0.3
189.892288130046,149.203803085176,12.4017295966885,16499.9467183712,622.807074951756,1,CT16,lLNv01,0.06369344203787111,0.06369344203787111,0.3
256.344528462957,192.911331557697,8.39023389614082,25322.109661305,1516.33598440217,1,CT16,lLNv01,0.06369344203787111,0.06369344203787111,0.3
136.95951116729,190.812073040666,11.1549686378541,29871.7852057394,1248.40439641857,1,CT16,lLNv01,0.06369344203787111,0.06369344203787111,0.3
286.115404388141,209.997618546828,13.0549176022695,18146.5814220158,663.642862649804,1,CT16,lLNv01,0.06369344203787111,0.06369344203787111,0.3
254.436266131458,276.770033766327,22.1432007674154,6096.55001188618,269.085310212988,1,CT16,lLNv01,0.06369344203787111,0.06369344203787111,0.3
139.693000588781,204.558093853988,15.506530579757,1902.39722780411,243.665139115064,1,CT16,lLNv01,0.06369344203787111,0.06369344203787111,0.3
275.103552263695,215.603528260618,9.56527502768352,28205.2981853877,1297.44198694716,1,CT16,lLNv01,0.06369344203787111,0.06369344203787111,0.3
140.746306141239,184.652386893842,8.1476774005462609,16806.9622735639,1643.56130471,1,CT16,lLNv01,0.06369344203787111,0.06369344203787111,0.3
283.10143266894,298.565024419492,27.2572422123254,9984.09241093573,292.81417808098,1,CT16,lLNv01,0.06369344203787111,0.06369344203787111,0.3
127.319363899899,162.772910953518,9.09598252681236,39755.8613960626,1364.35866104723,1,CT16,lLNv01,0.06369344203787111,0.06369344203787111,0.3
193.244229373871,170.391364950013,9.16249292935746,9553.80923691159,580.562000709272,1,CT16,lLNv01,0.06369344203787111,0.06369344203787111,0.3
268.345372454993,215.8914206055,4.83445252761232,35376.3841939731,1523.40489600042,1,CT16,lLNv01,0.06369344203787111,0.06369344203787111,0.3
284.171731607412,218.760217789317,11.5435038447774,6255.46818348759,1918.0927520104,1,CT16,lLNv01,0.06369344203787111,0.06369344203787111,0.3
166.086117111108,165.887521636798,15.7119656824586,8503.57026549537,1513.34661632042,1,CT16,lLNv01,0.06369344203787111,0.06369344203787111,0.3
122.094710671029,206.129570526897,11.6475074580049,26302.8008833372,1368.86185996113,1,CT16,lLNv02,0.06378157132874111,0.06378157132874111,0.3
320.129057210975,287.294187705987,2.02390744241611,1802.97962986474,170.158204202171,1,CT16,lLNv02,0.06378157132874111,0.06378157132874111,0.3
312.581624895313,331.065583562609,5.67691580305966,1687.63700851194,270.352126067738,1,CT16,lLNv02,0.06378157132874111,0.06378157132874111,0.3
257.91186831329,318.763292287738,9.09324445649338,41529.8071818235,1493.37250473565,1,CT16,lLNv02,0.06378157132874111,0.06378157132874111,0.3
370.520059192453,343.101548659711,13.4998940103748,4996.8904674624,352.033732147133,1,CT16,lLNv02,0.06378157132874111,0.06378157132874111,0.3
124.862881472819,280.537397939225,23.4812332707564,4042.61325144204,294.923236740894,1,CT16,lLNv02,0.06378157132874111,0.06378157132874111,0.3
124.804786945814,227.989325070071,15.37687347423,23160.9441615974,576.814006165176,1,CT16,lLNv02,0.06378157132874111,0.06378157132874111,0.3
259.713673906337,238.156015835384,8.91882695547607,8756.78393428669,636.239205502999,1,CT16,lLNv02,0.06378157132874111,0.06378157132874111,0.3
281.172968609383,303.327599086345,15.0656920703373,3423.44498655338,519.594485487061,1,CT16,lLNv02,0.06378157132874111,0.06378157132874111,0.3
202.662009310665,396.515465788938,23.4564231216594,2285.68824985738,172.545413400522,1,CT16,lLNv02,0.06378157132874111,0.06378157132874111,0.3
299.177759773761,313.302607611405,7.5681050447142,17462.4185814703,1776.74001300826,1,CT16,lLNv02,0.06378157132874111,0.06378157132874111,0.3
263.412016559667,330.133493342712,4.42408369182044,6196.07605349513,717.299874961578,1,CT16,lLNv02,0.06378157132874111,0.06378157132874111,0.3
275.632807547385,331.108986058462,13.2778692911327,15368.3548470892,458.438148637573,1,CT16,lLNv02,0.06378157132874111,0.06378157132874111,0.3
408.830034775172,376.187199435356,11.4536062499452,3561.73523508134,255.638757509763,1,CT16,lLNv02,0.06378157132874111,0.06378157132874111,0.3
119.975414426313,203.472705436054,11.7049328239417,32301.8185313452,1353.76616526805,1,CT16,lLNv02,0.06378157132874111,0.06378157132874111,0.3
230.574812427952,302.148604084822,7.75711087260981,13524.9840955802,1559.93669698521,1,CT16,lLNv02,0.06378157132874111,0.06378157132874111,0.3
158.251516765234,251.817421341773,17.3441574691705,20825.9619512395,867.791106946211,1,CT16,lLNv02,0.06378157132874111,0.06378157132874111,0.3
381.585228520446,358.957069876965,10.8906532338261,8860.84974135518,582.9433422493,1,CT16,lLNv02,0.06378157132874111,0.06378157132874111,0.3
229.776941710427,320.23201822125,7.90525588244464,11156.3068034583,729.784374706534,1,CT16,lLNv02,0.06378157132874111,0.06378157132874111,0.3
316.376259044699,319.932627740149,11.9975717786143,41302.8016942813,1616.25272633565,1,CT16,lLNv03-1,0.06369344203787111,0.06369344203787111,0.3
332.062381642949,287.126978001764,9.61085644003879,15229.9960728095,537.903151989051,1,CT16,lLNv03-1,0.06369344203787111,0.06369344203787111,0.3
180.208494568694,191.34786418402,6.3265110815581,6594.58771453371,477.144909591643,1,CT16,lLNv03-1,0.06369344203787111,0.06369344203787111,0.3
172.435097822359,209.126880778953,4.52624349575705,9018.50041675638,679.598193002677,1,CT16,lLNv03-1,0.06369344203787111,0.06369344203787111,0.3
263.843110957186,270.29663698967,12.2528564665121,8405.78853821472,254.004464711864,1,CT16,lLNv03-1,0.06369344203787111,0.06369344203787111,0.3
189.357815302635,190.14547993852,11.142418741609,13340.2824460785,471.878445812256,1,CT16,lLNv03-1,0.06369344203787111,0.06369344203787111,0.3
201.874556099743,351.144494329828,1.86270408158211,2258.48505717448,134.181891692596,1,CT16,lLNv03-1,0.06369344203787111,0.06369344203787111,0.3
225.234493467181,155.29026774087,13.1342098419263,22117.6003903905,930.062565318907,1,CT16,lLNv03-2,0.06369344203787111,0.06369344203787111,0.3
178.531396469679,136.59879337151,12.8785967809193,33893.4750656417,827.891356175355,1,CT16,lLNv03-2,0.06369344203787111,0.06369344203787111,0.3
89.7841144986157,124.710542943501,14.3885352058743,34466.2083791767,757.55696344054,1,CT16,lLNv03-2,0.06369344203787111,0.06369344203787111,0.3
210.990604413403,182.690561982111,8.18608259880546,6152.53118268324,587.965838538903,1,CT16,lLNv03-2,0.06369344203787111,0.06369344203787111,0.3
173.747772807664,153.199883177458,11.2730055856496,43530.3776661133,2362.5939085632,1,CT16,lLNv03-2,0.06369344203787111,0.06369344203787111,0.3
147.958444398613,133.412544434,3.89903206390115,26698.6778680046,693.058210924788,1,CT16,lLNv03-2,0.06369344203787111,0.06369344203787111,0.3
99.6278015151183,109.145973829744,13.798949644482,3907.86998894095,251.985283535753,1,CT16,lLNv03-2,0.06369344203787111,0.06369344203787111,0.3
170.468636790464,89.2974516387249,15.2378795498441,26631.7597696107,1510.85467631447,1,CT16,lLNv03-2,0.06369344203787111,0.06369344203787111,0.3
234.44418842716,154.960073433383,14.0361853351201,2258.92566408051,404.72964229351,1,CT16,lLNv03-2,0.06369344203787111,0.06369344203787111,0.3
145.734373145504,157.782334738068,6.14157816626228,127351.217944845,4176.45488763606,1,CT16,lLNv03-2,0.06369344203787111,0.06369344203787111,0.3
136.586442926081,121.521349192139,7.11760520566115,20025.0326648879,647.849472380853,1,CT16,lLNv03-2,0.06369344203787111,0.06369344203787111,0.3
154.150705841504,120.86368418561,9.05605833583946,3149.42321455552,213.517633396662,1,CT16,lLNv03-2,0.06369344203787111,0.06369344203787111,0.3
78.5079436028167,89.3801873598369,10.8359136160802,43728.9183203082,1921.2894645086,1,CT16,lLNv04,0.06378157132874111,0.06378157132874111,0.3
99.4583403561949,102.875240457231,16.2175595038525,28173.4290263856,700.003760660239,1,CT16,lLNv04,0.06378157132874111,0.06378157132874111,0.3
86.0841775178271,67.761792484459,12.156893943548,17611.5752215732,519.752474644369,1,CT16,lLNv04,0.06378157132874111,0.06378157132874111,0.3
448.229155364525,384.697892759418,12.0513695422322,31414.0623336236,622.038269204805,1,CT16,lLNv04,0.06378157132874111,0.06378157132874111,0.3
403.547188646831,413.324185379409,16.1853033233536,13673.5066264915,421.823512984937,1,CT16,lLNv04,0.06378157132874111,0.06378157132874111,0.3
53.2274660737795,60.1963485818638,9.95323848424474,4187.90832777363,228.419696517354,1,CT16,lLNv04,0.06378157132874111,0.06378157132874111,0.3
46.594014139304,79.165359899855,7.93390364344736,34013.6708909014,1455.13815187308,1,CT16,lLNv04,0.06378157132874111,0.06378157132874111,0.3
65.4099803960163,122.289928274394,12.9604512552502,20972.4895267197,499.619363462198,1,CT16,lLNv04,0.06378157132874111,0.06378157132874111,0.3
400.800413704354,354.295393302036,10.0108387459812,3260.88805979476,315.233885531771,1,CT16,lLNv04,0.06378157132874111,0.06378157132874111,0.3
434.811660333925,407.323351841768,7.46519897538235,13589.5459304312,1511.229964789,1,CT16,lLNv04,0.06378157132874111,0.06378157132874111,0.3
247.296580452066,294.034219987534,11.8522247824828,51952.5069634321,1169.56227693078,1,CT16,lLNv05,0.05559906711222506,0.05559906711222506,0.3
271.744112628926,364.493987095113,23.880403302627,8205.66035069165,913.895136448805,1,CT16,lLNv05,0.05559906711222506,0.05559906711222506,0.3
325.503462288969,385.013361560929,23.0910456219014,4062.01090434757,172.073741321056,1,CT16,lLNv05,0.05559906711222506,0.05559906711222506,0.3
243.596274335289,340.264402932701,25.9284218814088,4354.96854283794,321.279298685838,1,CT16,lLNv05,0.05559906711222506,0.05559906711222506,0.3
171.804383278628,159.082073927181,3.5548236865429,75774.489975479,2474.14697224819,1,CT16,lLNv05,0.05559906711222506,0.05559906711222506,0.3
221.069261907693,229.422514209196,14.7865350378123,30391.3222813595,704.507987274524,1,CT16,lLNv05,0.05559906711222506,0.05559906711222506,0.3
308.476174754241,394.770719848726,27.2671402039608,14596.69941647,604.031337060859,1,CT16,lLNv05,0.05559906711222506,0.05559906711222506,0.3
164.712932531274,204.555827320109,15.7912206525638,5949.87818704719,300.483955392587,1,CT16,lLNv05,0.05559906711222506,0.05559906711222506,0.3
282.722602596721,292.778505162041,24.635175604134,3855.02622213121,372.152090989955,1,CT16,lLNv05,0.05559906711222506,0.05559906711222506,0.3
131.592240675105,146.872854325409,20.1475363538904,41979.7103419586,788.07218173016,1,CT16,lLNv05,0.05559906711222506,0.05559906711222506,0.3
300.871422909209,288.592078829068,15.4963044221029,1618.68032866525,186.60939309266,1,CT16,lLNv05,0.05559906711222506,0.05559906711222506,0.3
265.224288330652,368.243847756351,32.7600877011423,1554.94705992743,220.208202875396,1,CT16,lLNv05,0.05559906711222506,0.05559906711222506,0.3
277.250570274983,323.610106139388,27.2621987117209,63373.6321453977,1641.08964182057,1,CT16,lLNv05,0.05559906711222506,0.05559906711222506,0.3
301.081504446567,357.605773806929,26.7819752916954,13139.5435070882,412.799976585452,1,CT16,lLNv05,0.05559906711222506,0.05559906711222506,0.3
220.733206360888,215.89872405736,10.6354500873176,20880.3854012952,836.764617372175,1,CT16,lLNv05,0.05559906711222506,0.05559906711222506,0.3
160.398340002123,222.330665088835,19.8391377254952,16218.7829940361,397.008520154767,1,CT16,lLNv05,0.05559906711222506,0.05559906711222506,0.3
148.122729414071,175.013087285057,19.8423972404864,21965.1435040066,589.908214554437,1,CT16,lLNv05,0.05559906711222506,0.05559906711222506,0.3
158.115801311879,145.246032170542,13.9389430989377,26338.299224451,2316.0250636978,1,CT16,lLNv05,0.05559906711222506,0.05559906711222506,0.3
296.719390709844,368.381268453439,25.6664819591243,25231.633024163,990.113901372039,1,CT16,lLNv05,0.05559906711222506,0.05559906711222506,0.3
176.47772137986,166.370082053596,16.63842200529,5628.54687253843,318.765961882932,1,CT16,lLNv06,0.06369344203787111,0.06369344203787111,0.3
170.293397170821,172.792968031946,18.3095190701013,9603.11165816278,2254.71721916831,1,CT16,lLNv06,0.06369344203787111,0.06369344203787111,0.3
250.43548086276,206.022864387196,13.2926382237409,19396.8118403131,1369.67239720053,1,CT16,lLNv06,0.06369344203787111,0.06369344203787111,0.3
278.684005760971,242.326792100043,13.7659785605019,14616.6607310775,1316.16502930343,1,CT16,lLNv06,0.06369344203787111,0.06369344203787111,0.3
289.826657047718,227.537072668106,15.2320225231594,16239.9340858228,964.343776697513,1,CT16,lLNv06,0.06369344203787111,0.06369344203787111,0.3
275.228668285303,220.429739626222,14.99061912911,17769.7503385343,587.351819135283,1,CT16,lLNv06,0.06369344203787111,0.06369344203787111,0.3
283.941225122997,214.921382684298,21.6501887745326,4442.86800068492,320.050789401967,1,CT16,lLNv06,0.06369344203787111,0.06369344203787111,0.3
154.182766074145,163.408916918716,13.2532608180162,4307.84605590416,251.794449378392,1,CT16,lLNv06,0.06369344203787111,0.06369344203787111,0.3
277.664403116133,259.324113840314,13.169387671306,20373.0385290942,595.275080971296,1,CT16,lLNv06,0.06369344203787111,0.06369344203787111,0.3
159.231277987812,182.679255817407,12.2487059471276,146959.422206463,5639.71186720432,1,CT16,lLNv06,0.06369344203787111,0.06369344203787111,0.3
234.180049126294,217.45608339943,15.4714603168433,11442.3829309073,536.968314666875,1,CT16,lLNv06,0.06369344203787111,0.06369344203787111,0.3
209.773405252133,268.347999529769,6.04792261427895,14107.9160496196,415.696045755095,1,CT16,lLNv06,0.06369344203787111,0.06369344203787111,0.3
210.90911127114,110.788114859069,3.66482989930343,67445.8922830375,2100.60017053879,1,CT16,lLNv06,0.06369344203787111,0.06369344203787111,0.3
200.448455746666,65.2042589274067,7.5942608078457,11412.8114653239,1069.92476769843,1,CT16,lLNv07,0.06369344203787111,0.06369344203787111,0.3
213.971717226082,342.074251934618,20.8315196281693,36336.4706488036,1165.99338659854,1,CT16,lLNv07,0.06369344203787111,0.06369344203787111,0.3
147.693035163599,95.8252448758335,10.06483608955,37015.2367322761,1601.37149335713,1,CT16,lLNv07,0.06369344203787111,0.06369344203787111,0.3
182.209065880615,152.490276543177,9.93530840467692,2261.48962973652,211.74901484708,1,CT16,lLNv07,0.06369344203787111,0.06369344203787111,0.3
191.37587570779,199.43084684435,12.1678630127702,6133.14181146836,668.109451086315,1,CT16,lLNv07,0.06369344203787111,0.06369344203787111,0.3
218.934379815546,337.542531778233,21.0216228315507,19584.4160926966,1526.2202477136,1,CT16,lLNv07,0.06369344203787111,0.06369344203787111,0.3
238.150564548305,274.201154526303,17.7839551285008,10736.6742964416,368.578186587231,1,CT16,lLNv07,0.06369344203787111,0.06369344203787111,0.3
139.71623095361701,78.8035599355806,10.2652894560156,20227.5406046207,397.102843954243,1,CT16,lLNv07,0.06369344203787111,0.06369344203787111,0.3
160.175329308096,80.602054087971,8.23177711210117,33554.9492749191,1223.47538588938,1,CT16,lLNv07,0.06369344203787111,0.06369344203787111,0.3
242.981308266619,189.385406879233,14.7254757703108,8517.11444822531,457.278941741613,1,CT16,lLNv07,0.06369344203787111,0.06369344203787111,0.3
224.459858163079,213.333005403992,6.93990874490278,4043.94948955423,598.876590958768,1,CT16,lLNv07,0.06369344203787111,0.06369344203787111,0.3
213.982484775618,174.230495480486,7.05232018673861,15678.1332596062,548.155364118524,1,CT16,lLNv07,0.06369344203787111,0.06369344203787111,0.3
180.509946852855,101.525842584598,8.10197744565654,21685.9408532472,562.508968622956,1,CT16,lLNv07,0.06369344203787111,0.06369344203787111,0.3
216.199238087416,201.548497296429,9.78068517168006,17018.3360942753,1053.0331231432,1,CT16,lLNv07,0.06369344203787111,0.06369344203787111,0.3
223.362518656323,182.790835887017,1.70111456034427,4664.0403292038,841.937307354604,1,CT16,lLNv07,0.06369344203787111,0.06369344203787111,0.3
181.055555442097,138.354723937832,13.86805903655,5824.63560884464,278.593081443034,1,CT16,lLNv07,0.06369344203787111,0.06369344203787111,0.3
216.716207059065,172.268083848692,1.56764043203199,4404.05478406867,368.005235383706,1,CT16,lLNv07,0.06369344203787111,0.06369344203787111,0.3
231.355963154253,215.884282395847,7.70839119140338,19126.4218740412,459.4270488705,1,CT16,lLNv07,0.06369344203787111,0.06369344203787111,0.3
203.236554229243,273.143944063408,17.099188708112,5676.80413930248,337.307417379896,1,CT16,lLNv08-1,0.06369344203787111,0.06369344203787111,0.3
200.820874194574,216.913759924698,5.76252196781953,13145.6588929427,485.039991743206,1,CT16,lLNv08-1,0.06369344203787111,0.06369344203787111,0.3
136.551820856222,307.114545459169,22.1458313188746,6389.18714666669,198.241292609114,1,CT16,lLNv08-1,0.06369344203787111,0.06369344203787111,0.3
168.76171805812,228.947560915383,7.08255293448143,6350.32674398077,486.756157853677,1,CT16,lLNv08-1,0.06369344203787111,0.06369344203787111,0.3
207.860598264077,267.000369855522,16.4017029188134,7306.05206520121,1298.75468674539,1,CT16,lLNv08-1,0.06369344203787111,0.06369344203787111,0.3
194.735045951625,187.298181596778,10.0546185422465,7068.14535356196,345.630352890231,1,CT16,lLNv08-1,0.06369344203787111,0.06369344203787111,0.3
181.825724078548,209.20066292946,11.2293696988453,17308.3742563004,715.251910616129,1,CT16,lLNv08-1,0.06369344203787111,0.06369344203787111,0.3
191.704078347517,185.817001075674,10.3293188259577,12879.8028385026,1298.75398795109,1,CT16,lLNv08-2,0.06369344203787111,0.06369344203787111,0.3
183.575871791558,181.621903484842,6.50682005516668,15417.8318784751,945.03378043145506,1,CT16,lLNv08-2,0.06369344203787111,0.06369344203787111,0.3
132.700087215997,195.24446082411,8.89013987876789,19679.0150826732,1179.13173905547,1,CT16,lLNv08-2,0.06369344203787111,0.06369344203787111,0.3
148.704151566559,213.443340334739,1.67718746768331,3649.2896882334,210.730379055812,1,CT16,lLNv08-2,0.06369344203787111,0.06369344203787111,0.3
217.409456684819,200.053941375367,20.1260681824325,15950.2596684444,1161.66976415929,1,CT16,lLNv08-2,0.06369344203787111,0.06369344203787111,0.3
193.848630765617,180.783854855022,11.3330992937176,14887.1104026182,1351.28089617464,1,CT16,lLNv08-2,0.06369344203787111,0.06369344203787111,0.3
160.795065990413,198.40661522924,7.81310900812554,28546.1493077474,1264.35910854351,1,CT16,lLNv08-2,0.06369344203787111,0.06369344203787111,0.3
249.76755349445,137.449936967693,21.3332782530593,26690.3074335919,516.777885881992,1,CT16,lLNv08-2,0.06369344203787111,0.06369344203787111,0.3
187.854702050279,171.811646635789,8.6503445127643,22639.2926739232,1241.92623115296,1,CT16,lLNv08-2,0.06369344203787111,0.06369344203787111,0.3
254.542905085274,186.795505735827,14.9001078686787,22930.5556653265,889.627361447997,1,CT16,lLNv08-2,0.06369344203787111,0.06369344203787111,0.3
134.177314068715,200.39490356527,9.38324610916782,17728.7258579857,1085.67645121915,1,CT16,lLNv08-2,0.06369344203787111,0.06369344203787111,0.3
252.92517482604,156.542450740584,16.2843886756966,29479.0045630162,623.911823236956,1,CT16,lLNv08-2,0.06369344203787111,0.06369344203787111,0.3
207.283272405958,177.449538917404,18.3021593949528,2564.33145383077,340.145440982291,1,CT16,lLNv08-2,0.06369344203787111,0.06369344203787111,0.3
300.64022654368,314.007717540482,10.0273786662415,22503.4103175293,739.559378946673,1,CT16,lLNv10,0.06369344203787111,0.06369344203787111,0.3
127.405364645288,148.209836945521,11.0468870176356,21127.2621206838,788.754767309846,1,CT16,lLNv10,0.06369344203787111,0.06369344203787111,0.3
135.700436167035,146.240736612353,3.30871120399757,3647.79234284052,191.370380167822,1,CT16,lLNv10,0.06369344203787111,0.06369344203787111,0.3
257.774763042757,346.446876128754,13.6055973703993,10309.8534652743,247.776102191537,1,CT16,lLNv10,0.06369344203787111,0.06369344203787111,0.3
266.382358809912,325.074245121771,17.3254572973185,7968.05789817426,201.031160368551,1,CT16,lLNv10,0.06369344203787111,0.06369344203787111,0.3
305.447184463024,365.865642999723,5.01729877911814,13786.721367023,425.483062837647,1,CT16,lLNv10,0.06369344203787111,0.06369344203787111,0.3
115.887317306173,132.969277043556,12.8341396354405,14557.1029209423,1515.53398625241,1,CT16,lLNv10,0.06369344203787111,0.06369344203787111,0.3
150.904513300595,157.30791483307,7.8601947422418,6382.26832116751,245.038231742442,1,CT16,lLNv10,0.06369344203787111,0.06369344203787111,0.3
96.1422674574207,130.710822502439,6.58750473844016,37691.3210917954,1659.6316853084,1,CT16,lLNv10,0.06369344203787111,0.06369344203787111,0.3
205.893587741936,314.333027009597,13.6746261459317,3920.19529994397,169.488267789084,1,CT16,lLNv10,0.06369344203787111,0.06369344203787111,0.3
223.869272803434,332.041395732653,16.7070272078276,87333.3161862658,2781.98119421174,1,CT16,lLNv10,0.06369344203787111,0.06369344203787111,0.3
158.898874570985,151.466246090321,4.46159440301477,3359.63660185797,492.87479714247,1,CT16,lLNv10,0.06369344203787111,0.06369344203787111,0.3
295.647178955156,327.295306470871,6.42674374478362,40147.2685925077,1841.07810036889,1,CT16,lLNv10,0.06369344203787111,0.06369344203787111,0.3
289.831017205049,310.10942778492,5.09299144993399,3595.32966966353,353.137404451187,1,CT16,lLNv10,0.06369344203787111,0.06369344203787111,0.3
139.810384821586,115.757188532795,9.43974702911828,6524.77196316062,407.89206824599,1,CT16,lLNv10,0.06369344203787111,0.06369344203787111,0.3
178.348174446193,240.339427609373,19.6714602496796,9656.03844457608,709.338931814121,1,CT16,lLNv11,0.06369344203787111,0.06369344203787111,0.3
162.034128371696,235.421422414714,19.7970215840077,15276.3324060898,667.307464500259,1,CT16,lLNv11,0.06369344203787111,0.06369344203787111,0.3
308.956545623461,299.850859028635,16.8898762058108,31048.2362709317,994.193059760892,1,CT16,lLNv11,0.06369344203787111,0.06369344203787111,0.3
218.571650857653,239.472396479288,25.107749078381,6615.33472736843,522.829605140572,1,CT16,lLNv11,0.06369344203787111,0.06369344203787111,0.3
114.695806439392,110.067686068614,12.5357234230314,15316.5627633764,598.085450285604,1,CT16,lLNv11,0.06369344203787111,0.06369344203787111,0.3
189.779591296271,258.19926991698,19.5599063046159,2966.64723368549,223.287216221449,1,CT16,lLNv11,0.06369344203787111,0.06369344203787111,0.3
329.39087420736,314.658338981432,20.5538505961925,28255.8410885365,911.158201532462,1,CT16,lLNv11,0.06369344203787111,0.06369344203787111,0.3
265.704038651789,291.522909683471,27.5302420720853,2069.2929960577,163.939284809724,1,CT16,lLNv11,0.06369344203787111,0.06369344203787111,0.3
324.665070650531,304.215827652441,18.2226773574099,20902.643097212,1052.82292912357,1,CT16,lLNv11,0.06369344203787111,0.06369344203787111,0.3
275.488472837457,298.346821327859,20.5046064219481,8423.87749497148,388.767484443656,1,CT16,lLNv11,0.06369344203787111,0.06369344203787111,0.3
81.296198534694,119.408704982776,8.79622038984221,10487.3509322177,262.746807727864,1,CT16,lLNv11,0.06369344203787111,0.06369344203787111,0.3
343.976376348549,285.142134075514,20.7926293331153,18987.0815186798,718.728757383154,1,CT16,lLNv11,0.06369344203787111,0.06369344203787111,0.3
48.1097760930457,54.4886280310854,11.4174020789937,36759.0668225012,1110.43297244681,1,CT16,lLNv11,0.06369344203787111,0.06369344203787111,0.3
313.630129053277,323.282540998081,19.5744763612551,5820.65479975548,365.075716442691,1,CT16,lLNv11,0.06369344203787111,0.06369344203787111,0.3
196.003004020233,234.784246285225,21.081429083904,19039.5471776184,1153.52874897884,1,CT16,lLNv11,0.06369344203787111,0.06369344203787111,0.3
289.501555772689,261.109166155983,22.2305366888605,7832.02941027321,275.345669113119,1,CT16,lLNv11,0.06369344203787111,0.06369344203787111,0.3
215.13963197754,217.552988884034,22.7763824687041,11772.4697902364,1119.11656840121,1,CT16,lLNv11,0.06369344203787111,0.06369344203787111,0.3
146.838667334043,199.382807725184,18.9309203637542,10470.8469583872,390.608166233902,1,CT16,lLNv11,0.06369344203787111,0.06369344203787111,0.3
285.217286443726,272.297535783208,20.2404470056079,18583.1387523459,971.103410387091,1,CT16,lLNv11,0.06369344203787111,0.06369344203787111,0.3
107.981959072805,114.144797792607,12.1732243152287,16277.1086453009,707.439180527252,1,CT16,lLNv11,0.06369344203787111,0.06369344203787111,0.3
202.005971236824,265.038548976109,20.4166806711649,4851.0561981659,231.701805119239,1,CT16,lLNv11,0.06369344203787111,0.06369344203787111,0.3
265.393549437693,282.866839736744,18.664378192922,9114.17692811693,383.132365038612,1,CT16,lLNv11,0.06369344203787111,0.06369344203787111,0.3
125.663864389534,175.128260971007,14.0747867762613,32654.9906556606,1047.01689825344,1,CT16,lLNv12,0.06369344203787111,0.06369344203787111,0.3
206.045814084286,200.240390816256,13.6588030881389,27495.3356625871,904.059134109155,1,CT16,lLNv12,0.06369344203787111,0.06369344203787111,0.3
212.655134818513,263.636827722723,16.8415067781427,15497.885738269,777.861006741923,1,CT16,lLNv12,0.06369344203787111,0.06369344203787111,0.3
100.361176338214,117.834596464435,9.39405069516212,28664.7914094922,969.537433015887,1,CT16,lLNv12,0.06369344203787111,0.06369344203787111,0.3
359.68559255767,338.801435179394,18.3794212922304,28506.4566840758,896.644125194256,1,CT16,lLNv12,0.06369344203787111,0.06369344203787111,0.3
163.983216866134,228.855410586554,17.3853830728125,21719.9354013615,970.813403852179,1,CT16,lLNv12,0.06369344203787111,0.06369344203787111,0.3
201.185976214061,188.594174256495,16.3110486812591,3777.48341117353,339.88680129883,1,CT16,lLNv12,0.06369344203787111,0.06369344203787111,0.3
194.269603605638,179.820005028514,10.8820824499398,8068.31503369751,335.928800869431,1,CT16,lLNv12,0.06369344203787111,0.06369344203787111,0.3
94.4400066045844,148.156027261333,20.9248111150905,12012.6023057597,393.363497245592,1,CT16,lLNv12,0.06369344203787111,0.06369344203787111,0.3
110.724146132429,148.805412779129,13.1101143016229,18277.5784976438,779.816155991446,1,CT16,lLNv12,0.06369344203787111,0.06369344203787111,0.3
121.997253441607,167.307653439145,2.25640012760406,2840.46990589581,171.627095787117,1,CT16,lLNv12,0.06369344203787111,0.06369344203787111,0.3
203.529999250142,231.523347301253,15.780136147247,3848.03994853591,289.124144730869,1,CT16,lLNv12,0.06369344203787111,0.06369344203787111,0.3
223.566368759996,231.539277484171,12.9280648435629,9251.94438388796,586.425070268652,1,CT16,lLNv12,0.06369344203787111,0.06369344203787111,0.3
238.881227583233,197.566615527063,10.6042887343946,6028.07647678719,686.705726437721,1,CT16,lLNv12,0.06369344203787111,0.06369344203787111,0.3
381.615891257965,287.212307965173,24.064991198227,2204.41829161608,206.894165229986,1,CT16,lLNv12,0.06369344203787111,0.06369344203787111,0.3
244.374210241866,182.23178078547,21.8117332065239,7011.38922421231,344.165841025625,1,CT16,lLNv13,0.06369344203787111,0.06369344203787111,0.3
152.506895548382,203.039917849374,3.39705778624671,7262.01998487194,210.902363977937,1,CT16,lLNv13,0.06369344203787111,0.06369344203787111,0.3
118.784088507619,176.897642851405,9.92021951645797,40335.7525465962,1639.80978343512,1,CT16,lLNv13,0.06369344203787111,0.06369344203787111,0.3
156.108314847045,111.800463667585,14.9926966911059,18690.2759659099,616.507538008562,1,CT16,lLNv13,0.06369344203787111,0.06369344203787111,0.3
147.229346865878,97.1550491467322,19.0613724067018,12847.4991246656,721.17985146894,1,CT16,lLNv13,0.06369344203787111,0.06369344203787111,0.3
155.740928215214,93.3645070760996,15.802137770032,37113.0398680301,1875.12475994018,1,CT16,lLNv13,0.06369344203787111,0.06369344203787111,0.3
137.737682736887,168.536537138357,3.83581307949493,20598.9896680734,1497.06397764173,1,CT16,lLNv13,0.06369344203787111,0.06369344203787111,0.3
202.15566032343,120.074524654295,16.3082199654597,2392.23005249633,170.546727159045,1,CT16,lLNv13,0.06369344203787111,0.06369344203787111,0.3
128.510782078796,161.12297137352,6.88544388907854,14238.6262677604,1865.73192718338,1,CT16,lLNv13,0.06369344203787111,0.06369344203787111,0.3
249.316576727791,228.575396952962,11.2875017123421,2952.28095903483,639.567943372224,1,CT16,lLNv13,0.06369344203787111,0.06369344203787111,0.3
208.341320098064,103.224075459495,20.9688659451882,11795.741421385,289.097487335338,1,CT16,lLNv13,0.06369344203787111,0.06369344203787111,0.3
191.413755133052,87.4832539033065,16.6656517314055,38122.7398715156,1245.80909191059,1,CT16,lLNv13,0.06369344203787111,0.06369344203787111,0.3
240.307322904843,228.060999643172,16.7934482133832,18044.2559474969,1154.94331211124,1,CT16,lLNv13,0.06369344203787111,0.06369344203787111,0.3
152.229104764375,123.052425718016,12.8245757454461,3182.28165357497,553.699889966739,1,CT16,lLNv13,0.06369344203787111,0.06369344203787111,0.3
163.250478265108,171.644979580656,7.44323774839185,7310.70385204976,483.431561510247,1,CT16,lLNv13,0.06369344203787111,0.06369344203787111,0.3
127.816961913969,198.944476100342,8.12631261923761,6441.1542416034,799.52457086901,1,CT16,lLNv13,0.06369344203787111,0.06369344203787111,0.3
287.483236921501,250.334500859485,18.52266783787,10071.1854869341,537.62461342128,1,CT16,lLNv13,0.06369344203787111,0.06369344203787111,0.3
137.174450432759,87.812592092251,18.3345615194498,5672.74964648832,400.189407140316,1,CT16,lLNv13,0.06369344203787111,0.06369344203787111,0.3
166.331101178006,99.6630827839325,22.0422060550504,2956.25028464311,501.066369000805,1,CT16,lLNv13,0.06369344203787111,0.06369344203787111,0.3
265.006821914603,205.383983883605,22.7819495751777,18511.554284076,1377.85684665566,1,CT16,lLNv13,0.06369344203787111,0.06369344203787111,0.3
234.064642859663,318.423816581228,2.15121196532179,3992.5464155497302,122.13717848911,1,CT16,lLNv14,0.06369344203787111,0.06369344203787111,0.3
113.51725415448,102.885246599553,17.0435246158274,44828.0072279336,3331.27539927755,1,CT16,lLNv14,0.06369344203787111,0.06369344203787111,0.3
238.665581751364,216.158023767849,13.9254065424848,6890.56258162292,781.392906003085,1,CT16,lLNv14,0.06369344203787111,0.06369344203787111,0.3
242.584751405387,235.127727445816,10.2332749176529,18094.4504607528,823.932756585693,1,CT16,lLNv14,0.06369344203787111,0.06369344203787111,0.3
312.403246996179,105.31381479659,22.658541716388,2651.74289848356,173.582280163298,1,CT16,lLNv14,0.06369344203787111,0.06369344203787111,0.3
136.434184661766,129.752344508748,20.839335807138,15442.4127598259,356.657688303037,1,CT16,lLNv14,0.06369344203787111,0.06369344203787111,0.3
233.721715986589,236.320962790016,11.4695347646201,13900.0065948252,1005.52189556863,1,CT16,lLNv14,0.06369344203787111,0.06369344203787111,0.3
115.961750216034,111.119007403933,13.3219645099926,86721.4014777609,6123.83045777437,1,CT16,lLNv14,0.06369344203787111,0.06369344203787111,0.3
89.0178735013534,113.15596961177,8.86405833623871,32016.9283258063,1764.56962043714,1,CT16,lLNv14,0.06369344203787111,0.06369344203787111,0.3
161.954122746275,42.1765601243111,2.18222819675408,2879.60901557812,130.900161584807,1,CT16,lLNv14,0.06369344203787111,0.06369344203787111,0.3
76.5773459211345,107.724907419147,11.8255034906629,538.998698422488,307.914228243466,1,CT16,lLNv14,0.06369344203787111,0.06369344203787111,0.3
76.0250400958999,89.5762880100776,22.004600144291,12101.5868581188,350.937869286663,1,CT16,lLNv14,0.06369344203787111,0.06369344203787111,0.3
82.8167706512289,101.353974663846,8.50629035568045,31562.4235948481,626.180031698011,1,CT16,lLNv16,0.06378157132874111,0.06378157132874111,0.3
121.094005474201,137.799961832416,13.1840138604311,36704.8512810552,1024.17834042392,1,CT16,lLNv16,0.06378157132874111,0.06378157132874111,0.3
400.925571357898,311.279644420264,6.14602212388762,13637.1682729175,317.888483405371,1,CT16,lLNv16,0.06378157132874111,0.06378157132874111,0.3
349.877205232083,351.019380433252,6.31531745612352,2674.99170357613,454.163883406814,1,CT16,lLNv16,0.06378157132874111,0.06378157132874111,0.3
430.532602163534,399.714033212456,16.7497502172095,9178.15152777503,524.498804786012,1,CT16,lLNv16,0.06378157132874111,0.06378157132874111,0.3
259.207173604874,256.974478592972,14.0476851792858,3339.4600594833,535.306672346497,1,CT16,lLNv16,0.06378157132874111,0.06378157132874111,0.3
128.983219839824,80.1676798455175,7.15922139838017,2890.2947993818,116.720759930715,1,CT16,lLNv16,0.06378157132874111,0.06378157132874111,0.3
442.438966417461,401.249515678182,12.2153601560388,29007.3449323285,969.929826912674,1,CT16,lLNv16,0.06378157132874111,0.06378157132874111,0.3
460.623450239465,439.97262652246,8.52873936229534,3382.52242621284,211.41321487788,1,CT16,lLNv16,0.06378157132874111,0.06378157132874111,0.3
397.48366819129,323.360549156005,1.59871272136978,3222.57869504699,544.371590285345,1,CT16,lLNv16,0.06378157132874111,0.06378157132874111,0.3
470.264107680997,396.455529032207,14.3330616645306,7948.37304423254,303.493028892322,1,CT16,lLNv16,0.06378157132874111,0.06378157132874111,0.3
451.190444394142,413.334994821806,11.7647874905674,6632.26566086844,205.742258142571,1,CT16,lLNv16,0.06378157132874111,0.06378157132874111,0.3
266.043419988177,279.833584712989,11.7254463435725,11270.4992929159,331.33035055679,1,CT16,lLNv16,0.06378157132874111,0.06378157132874111,0.3
127.000481045759,106.499857314216,15.2063137181044,5021.95640129375,145.133913672362,1,CT16,lLNv16,0.06378157132874111,0.06378157132874111,0.3
123.384064456876,134.252433585756,7.4991051841164,9039.08171415029,752.152437579455,1,CT16,lLNv16,0.06378157132874111,0.06378157132874111,0.3
413.980132641175,327.061444502074,9.33641527123805,1747.27634761816,180.068292333577,1,CT16,lLNv16,0.06378157132874111,0.06378157132874111,0.3
171.416085472085,160.335569390743,12.5710659028887,5741.34328368633,407.865263640199,1,CT16,lLNv16,0.06378157132874111,0.06378157132874111,0.3
362.940129937997,364.259464506614,5.70693435174297,10608.3728794715,525.722271275456,1,CT16,lLNv16,0.06378157132874111,0.06378157132874111,0.3
388.12563207375,327.695802389439,20.6647429308851,2897.04610427694,127.79840772674,1,CT16,lLNv16,0.06378157132874111,0.06378157132874111,0.3
95.8060857959454,123.909009306741,11.9485563172491,14461.8980563799,610.844516287086,1,CT16,lLNv16,0.06378157132874111,0.06378157132874111,0.3
280.721942094088,235.420994121617,9.23822937553228,13176.5596321383,536.451638773912,1,CT16,lLNv16,0.06378157132874111,0.06378157132874111,0.3
381.115344954585,318.528795401361,2.89311700794955,1801.71027515677,333.779039113732,1,CT16,lLNv16,0.06378157132874111,0.06378157132874111,0.3
385.767774991713,346.252483533202,16.9473048643406,7268.27669160617,244.742125609452,1,CT16,lLNv17,0.06378157132874111,0.06378157132874111,0.3
50.4094207648238,102.7474903026,6.63382340298001,42301.9531814091,1009.97145773474,1,CT16,lLNv17,0.06378157132874111,0.06378157132874111,0.3
410.995484912333,355.970625473644,21.0271639621235,6331.50242716075,220.991960214756,1,CT16,lLNv17,0.06378157132874111,0.06378157132874111,0.3
5.95132801748956,85.3886198415117,4.09819179970137,12969.3622909061,272.047263999953,1,CT16,lLNv17,0.06378157132874111,0.06378157132874111,0.3
445.614402862147,358.207849681932,19.549612804799,33729.6629188097,1672.41937669521,1,CT16,lLNv17,0.06378157132874111,0.06378157132874111,0.3
124.389406311161,126.025990150432,14.1595223737194,13486.6213655519,260.124354953893,1,CT16,lLNv17,0.06378157132874111,0.06378157132874111,0.3
88.1276625151511,96.7763936519031,5.25886548481367,34736.4259682343,848.831264936329,1,CT16,lLNv17,0.06378157132874111,0.06378157132874111,0.3
61.4800073684817,64.4942803079958,6.38713369037727,7838.51171985039,229.385472644048,1,CT16,lLNv17,0.06378157132874111,0.06378157132874111,0.3
67.3740677266558,119.15888658019,4.31569919440094,34203.1497004297,906.795045743719,1,CT16,lLNv17,0.06378157132874111,0.06378157132874111,0.3
165.482468821797,205.871504109633,6.17425112814383,25882.7389521441,354.672939962695,1,CT16,lLNv17,0.06378157132874111,0.06378157132874111,0.3
404.655107680507,363.452051746551,15.7090176057937,17442.9491626054,697.33857551251,1,CT16,lLNv17,0.06378157132874111,0.06378157132874111,0.3
201.644406230648,171.099903781763,11.5986822388022,4577.01384117089,135.148570558793,1,CT16,lLNv17,0.06378157132874111,0.06378157132874111,0.3
220.239165170739,203.078643388276,14.0970882635334,8694.57771420336,476.584084661932,1,CT16,lLNv17,0.06378157132874111,0.06378157132874111,0.3
425.180839065718,365.843946110736,15.2104477359214,10172.3492712613,594.054724385355,1,CT16,lLNv17,0.06378157132874111,0.06378157132874111,0.3
188.230107660557,208.785325064129,5.04045606986969,40897.5699615592,846.93035086548,1,CT16,lLNv17,0.06378157132874111,0.06378157132874111,0.3
105.798360685576,89.0340294564195,7.9124733592498,29802.4736382214,667.611385616526,1,CT16,lLNv17,0.06378157132874111,0.06378157132874111,0.3
96.0180202630629,77.9389355678813,7.5861785886727,65368.0060698695,2320.73986038784,1,CT16,lLNv17,0.06378157132874111,0.06378157132874111,0.3
179.761725415154,169.291884106574,11.97453549325,14196.1654877278,499.529822135732,1,CT16,lLNv17,0.06378157132874111,0.06378157132874111,0.3
308.921055196797,188.350413213383,4.58937082276253,57572.5643657936,1452.32420949974,1,CT16,lLNv18,0.06369344203787111,0.06369344203787111,0.3
125.041440569528,126.948514177012,11.4116604675372,17279.7782226037,1213.84872168391,1,CT16,lLNv18,0.06369344203787111,0.06369344203787111,0.3
118.872411408021,130.977334968146,15.065632758945,6683.12539062489,1292.08263664178,1,CT16,lLNv18,0.06369344203787111,0.06369344203787111,0.3
249.950391548387,199.245928208828,19.633060402601,16754.506480386,415.848024290733,1,CT16,lLNv18,0.06369344203787111,0.06369344203787111,0.3
134.43235232246,123.390911224875,13.4624331731183,18859.7975476996,894.617671610077,1,CT16,lLNv18,0.06369344203787111,0.06369344203787111,0.3
73.6546842185468,106.445303925607,9.48018762773653,1113.28762828961,199.449462814026,1,CT16,lLNv18,0.06369344203787111,0.06369344203787111,0.3
135.922031987836,110.24755387098,11.7071328002876,5496.50423845094,509.444294074825,1,CT16,lLNv18,0.06369344203787111,0.06369344203787111,0.3
177.485268332011,155.005807703687,16.133945243099,16430.0063877343,1643.40863451354,1,CT16,lLNv18,0.06369344203787111,0.06369344203787111,0.3
139.318133858136,152.807270614039,14.0843132596916,39038.0208627183,2216.07158961026,1,CT16,lLNv18,0.06369344203787111,0.06369344203787111,0.3
245.510872819143,209.946883922375,22.6513978070908,25557.0156983297,1371.59979649535,1,CT16,lLNv18,0.06369344203787111,0.06369344203787111,0.3
253.382800104518,227.660206930482,22.5671335043296,34196.9691564078,2346.34407755734,1,CT16,lLNv18,0.06369344203787111,0.06369344203787111,0.3
184.480438488889,111.632753137737,12.8837971969724,1930.77526370916,289.649765385309,1,CT16,lLNv18,0.06369344203787111,0.06369344203787111,0.3
263.729878731424,234.806831909479,18.1638330518997,27787.3716043329,1093.86755641347,1,CT16,lLNv18,0.06369344203787111,0.06369344203787111,0.3
120.253875472983,139.805762014992,10.6305498184963,5744.12812902748,1935.26334007478,1,CT16,lLNv18,0.06369344203787111,0.06369344203787111,0.3
130.698122098746,159.577675672431,15.576436464127,35154.5104978924,1478.58451310056,1,CT16,lLNv18,0.06369344203787111,0.06369344203787111,0.3
233.16738130269,276.660703600988,10.6816169512702,14675.6826208549,515.739508980731,1,CT16,lLNv19,0.0640231681898349,0.0640231681898349,0.3
154.632746181392,97.5519158965985,11.8057919536117,41780.2030474493,1927.71825116596,1,CT16,lLNv19,0.0640231681898349,0.0640231681898349,0.3
133.093411003836,123.657948035829,5.84337053063062,8493.16225519208,393.510629930701,1,CT16,lLNv19,0.0640231681898349,0.0640231681898349,0.3
149.799404112291,96.5357415813612,7.56302314314601,14709.5616091704,2117.97324222429,1,CT16,lLNv19,0.0640231681898349,0.0640231681898349,0.3
163.885121760797,121.77765137594,8.15346863948359,3999.49317034593,276.391093486274,1,CT16,lLNv19,0.0640231681898349,0.0640231681898349,0.3
212.995863324513,241.475650642524,10.8479391321944,9080.85622471709,573.504984913425,1,CT16,lLNv19,0.0640231681898349,0.0640231681898349,0.3
369.930243561332,366.454783663533,12.9624627706041,32058.0930817782,1200.90881785656,1,CT16,lLNv19,0.0640231681898349,0.0640231681898349,0.3
236.280529100373,248.264801198696,15.1790810766186,3271.72168222669,336.453466917902,1,CT16,lLNv19,0.0640231681898349,0.0640231681898349,0.3
144.730985133743,91.5734598304108,6.6196047795283,14013.1967519534,943.841540846489,1,CT16,lLNv19,0.0640231681898349,0.0640231681898349,0.3
131.541210974283,47.058643148481,6.23460719928833,4735.47061992406,191.070449714206,1,CT16,lLNv19,0.0640231681898349,0.0640231681898349,0.3
209.968782267562,264.674618610443,13.3276136779032,77632.470932993,2857.02903488615,1,CT16,lLNv19,0.0640231681898349,0.0640231681898349,0.3
198.879304404002,288.100715130075,17.3752946755551,2370.79180972285,249.905560816442,1,CT16,lLNv19,0.0640231681898349,0.0640231681898349,0.3
210.976062059875,221.749342869688,12.477829055745,25756.2299498733,783.433957662722,1,CT16,lLNv19,0.0640231681898349,0.0640231681898349,0.3
373.710780743855,403.718572799262,13.6811265173579,1188.94027837953,180.866107704982,1,CT16,lLNv19,0.0640231681898349,0.0640231681898349,0.3
190.028158890282,82.4209468390847,15.5087444609408,1711.5951083277,433.246730860734,1,CT16,lLNv20,0.06369344203787111,0.06369344203787111,0.3
215.53875843182,138.796710161819,11.4547548840835,15054.7443473874,400.928972517387,1,CT16,lLNv20,0.06369344203787111,0.06369344203787111,0.3
265.621294526443,205.904911934264,10.2464852253616,15544.029595852,1059.65373442182,1,CT16,lLNv20,0.06369344203787111,0.06369344203787111,0.3
345.135455969168,351.765852475172,17.3140007140949,25413.3502556901,689.261969630282,1,CT16,lLNv20,0.06369344203787111,0.06369344203787111,0.3
144.450580248414,125.513873421634,3.72252778733817,46428.9088876114,1044.52087115022,1,CT16,lLNv20,0.06369344203787111,0.06369344203787111,0.3
376.474046420813,366.604856592491,19.8732697695259,2124.31674427644,231.78777131201699,1,CT16,lLNv20,0.06369344203787111,0.06369344203787111,0.3
176.649228100965,87.837601375284,9.40321008641489,24503.4665815696,828.070209249314,1,CT16,lLNv20,0.06369344203787111,0.06369344203787111,0.3
250.65647628536,255.279030296654,24.7852972669861,8200.80239799618,478.669277579364,1,CT16,lLNv20,0.06369344203787111,0.06369344203787111,0.3
211.410259509611,210.002209226109,13.4351142502133,3446.25493787979,196.253864793458,1,CT16,lLNv20,0.06369344203787111,0.06369344203787111,0.3
214.409039101546,97.8483079122508,12.4417413667364,24031.0218514385,1122.99619917766,1,CT16,lLNv20,0.06369344203787111,0.06369344203787111,0.3
255.085058072965,196.183084358107,12.1591092142951,26522.0232900314,1899.92732081151,1,CT16,lLNv20,0.06369344203787111,0.06369344203787111,0.3
198.037480611053,117.612966347012,11.603524265158,10280.513950065,409.739479723614,1,CT16,lLNv20,0.06369344203787111,0.06369344203787111,0.3
167.485402954594,96.3565699517494,8.36324435151846,46053.0078938264,1203.18197102827,1,CT16,lLNv20,0.06369344203787111,0.06369344203787111,0.3
253.567062125217,295.8119440813,26.791097516641,13035.759748119,741.84629215852,1,CT16,lLNv20,0.06369344203787111,0.06369344203787111,0.3
254.294243829735,239.946135170269,11.8489277476907,13592.5974972279,482.230715530454,1,CT16,lLNv20,0.06369344203787111,0.06369344203787111,0.3
303.235444665069,214.769774547208,2.28976957951642,5535.63169458081,255.179726331911,1,CT16,lLNv20,0.06369344203787111,0.06369344203787111,0.3
160.563905290422,105.178507185715,8.33589466720596,45756.7138930526,2548.81499555462,1,CT16,lLNv20,0.06369344203787111,0.06369344203787111,0.3
272.533511078352,152.012048040004,21.6395627145385,2884.52946461765,204.277371347563,1,CT16,lLNv20,0.06369344203787111,0.06369344203787111,0.3
82.6584374680246,82.1337047936874,9.43451168053596,16248.0883171909,577.68264969472,1,CT16,lLNv20,0.06369344203787111,0.06369344203787111,0.3
185.809555040857,147.911746127568,2.98808322379329,4418.57721933847,831.575374086786,1,CT16,lLNv20,0.06369344203787111,0.06369344203787111,0.3
267.176599222942,323.131749378869,20.9938730208588,6035.97939860439,546.876846185386,1,CT4,lLNv01,0.06369344203787111,0.06369344203787111,0.3
122.97819672908,37.9449490084075,6.09619071634411,1196.76468686184,278.679347895316,1,CT4,lLNv01,0.06369344203787111,0.06369344203787111,0.3
232.203718346987,356.030930717817,4.24380087805591,22273.4848177113,556.492606359435,1,CT4,lLNv01,0.06369344203787111,0.06369344203787111,0.3
121.589546153333,7.96859430990342,1.51942018206883,1710.61798841282,189.971740722156,1,CT4,lLNv01,0.06369344203787111,0.06369344203787111,0.3
152.029671107323,126.818344135279,9.53069638107305,15537.0542111126,517.733957081799,1,CT4,lLNv01,0.06369344203787111,0.06369344203787111,0.3
251.119014746207,269.105425130769,3.20647769089758,3590.17823563519,207.803855902191,1,CT4,lLNv01,0.06369344203787111,0.06369344203787111,0.3
237.503603933925,336.37571581842,14.2912817439589,18580.7098779305,552.919348981412,1,CT4,lLNv01,0.06369344203787111,0.06369344203787111,0.3
139.616720547079,124.420148128524,18.0928465168907,3351.32502643431,334.049268253371,1,CT4,lLNv01,0.06369344203787111,0.06369344203787111,0.3
259.016190150117,306.280249665217,14.7185237269914,23967.1303410632,972.896739981509,1,CT4,lLNv01,0.06369344203787111,0.06369344203787111,0.3
258.076874260039,351.122048231906,19.6649257877262,13714.5218269776,674.095297621887,1,CT4,lLNv01,0.06369344203787111,0.06369344203787111,0.3
177.002862214921,82.4213557414952,13.6072114553996,2765.36030631663,243.770050994176,1,CT4,lLNv01,0.06369344203787111,0.06369344203787111,0.3
181.246687224163,99.859197689227,14.181956145019,2594.30199582351,301.654990934454,1,CT4,lLNv01,0.06369344203787111,0.06369344203787111,0.3
291.255270104371,338.64379843397,26.3714441710085,2268.30465513984,183.300431247115,1,CT4,lLNv01,0.06369344203787111,0.06369344203787111,0.3
109.492125147212,21.4890428380568,5.19043308233713,4430.17282853193,345.311757559227,1,CT4,lLNv01,0.06369344203787111,0.06369344203787111,0.3
209.525032904041,313.90885433864503,25.4757379436899,2732.91142598322,151.030411514716,1,CT4,lLNv01,0.06369344203787111,0.06369344203787111,0.3
120.0840524978,44.8577718779315,12.0625438985454,7453.69988669477,657.717508975738,1,CT4,lLNv01,0.06369344203787111,0.06369344203787111,0.3
302.133213209397,362.760569493519,12.6114356597306,7254.12297307675,434.924906722156,1,CT4,lLNv01,0.06369344203787111,0.06369344203787111,0.3
241.741229657656,318.819048731952,16.9929613659886,4901.89579265408,295.079712979436,1,CT4,lLNv01,0.06369344203787111,0.06369344203787111,0.3
74.3538185648568,335.898257333809,11.8022597139125,24658.4967085803,787.407521866176,1,CT4,lLNv02-1,0.06369344203787111,0.06369344203787111,0.3
145.112349412277,159.007471969681,6.96530647482919,16246.3954546228,548.090286638895,1,CT4,lLNv02-1,0.06369344203787111,0.06369344203787111,0.3
161.35477720553,188.481809838466,6.8262028630679,18722.8794758529,824.844443437133,1,CT4,lLNv02-1,0.06369344203787111,0.06369344203787111,0.3
177.708032520441,170.193991109783,5.04666238486077,30420.7136751944,1367.85908762112,1,CT4,lLNv02-1,0.06369344203787111,0.06369344203787111,0.3
196.495201602915,139.966017728932,8.0740899321779,5358.20777147047,180.982669671035,1,CT4,lLNv02-1,0.06369344203787111,0.06369344203787111,0.3
176.775606182978,129.941552002385,5.59165206871935,3034.20637858191,223.502638979027,1,CT4,lLNv02-1,0.06369344203787111,0.06369344203787111,0.3
178.80138221136,157.776004834473,7.9772732384543,15251.3854686351,1522.73751796373,1,CT4,lLNv02-1,0.06369344203787111,0.06369344203787111,0.3
180.180780910594,137.396137612352,8.08745465803804,6691.15363626948,264.220012169656,1,CT4,lLNv02-1,0.06369344203787111,0.06369344203787111,0.3
161.883839618726,196.760642139364,5.49571043646173,28247.484547252,684.286930441181,1,CT4,lLNv02-2,0.06369344203787111,0.06369344203787111,0.3
252.180264747071,191.558038499492,8.05986029271753,13332.8026405825,645.560650832824,1,CT4,lLNv02-2,0.06369344203787111,0.06369344203787111,0.3
188.38372405651,220.28025323773701,9.50374915124036,37055.1294689805,1225.50813327111,1,CT4,lLNv02-2,0.06369344203787111,0.06369344203787111,0.3
198.195009997392,205.606381489293,6.9911873418153,6370.02124418448,342.683973340812,1,CT4,lLNv02-2,0.06369344203787111,0.06369344203787111,0.3
196.284083953314,199.124367458199,11.6192580057953,7000.84021269601,314.140074674948,1,CT4,lLNv02-2,0.06369344203787111,0.06369344203787111,0.3
210.007573729849,174.679620060773,6.492726007577,4386.42690662053,735.832551735279,1,CT4,lLNv02-2,0.06369344203787111,0.06369344203787111,0.3
178.95347273246,208.587353695356,3.28481116463838,3544.73268353293,174.168415049676,1,CT4,lLNv03,0.06378157132874111,0.06378157132874111,0.3
237.723864713534,204.251995028155,8.24712125228515,21934.4739361097,1160.82327101104,1,CT4,lLNv03,0.06378157132874111,0.06378157132874111,0.3
453.967235418817,395.897674985889,11.7855033561524,7816.27052276177,220.074635406314,1,CT4,lLNv03,0.06378157132874111,0.06378157132874111,0.3
99.1112210316351,59.392939511204,6.82827572979473,9302.35432973783,349.099140045412,1,CT4,lLNv03,0.06378157132874111,0.06378157132874111,0.3
221.93941040719,210.074574727231,10.2762206019597,3536.12284711644,359.18662182073,1,CT4,lLNv03,0.06378157132874111,0.06378157132874111,0.3
243.50512865988,241.050981186536,11.2504072978902,25442.8908575078,1328.60639127898,1,CT4,lLNv03,0.06378157132874111,0.06378157132874111,0.3
221.330165792088,169.722858872778,11.6779816286336,5426.1274920999,160.010898000245,1,CT4,lLNv03,0.06378157132874111,0.06378157132874111,0.3
467.117165703727,447.737310356712,15.327225122064,12537.7091648049,289.165121789032,1,CT4,lLNv03,0.06378157132874111,0.06378157132874111,0.3
277.23944585621,244.787998962496,8.36552803703882,12994.4099751125,571.816561798744,1,CT4,lLNv03,0.06378157132874111,0.06378157132874111,0.3
63.0078648720541,47.3178762711407,7.88420449983183,5600.22940819803,233.894351628413,1,CT4,lLNv03,0.06378157132874111,0.06378157132874111,0.3
394.025162980084,410.080083932728,11.7623138058487,14687.4988137344,582.407805223361,1,CT4,lLNv03,0.06378157132874111,0.06378157132874111,0.3
208.563112837196,235.059605189898,10.0304293388478,8742.41601362581,529.605703706798,1,CT4,lLNv03,0.06378157132874111,0.06378157132874111,0.3
235.995275477994,225.735141159588,10.7270375365674,17408.8163623698,499.799529603329,1,CT4,lLNv03,0.06378157132874111,0.06378157132874111,0.3
447.921133335393,408.414779870469,11.7441619489529,15276.4267175372,1406.48814033672,1,CT4,lLNv03,0.06378157132874111,0.06378157132874111,0.3
58.8424306766179,131.143739370631,7.65496572026754,4555.39376854511,234.550536431386,1,CT4,lLNv03,0.06378157132874111,0.06378157132874111,0.3
104.124739534008,114.172706665047,7.70215309268298,24820.2524437756,485.829563413861,1,CT4,lLNv03,0.06378157132874111,0.06378157132874111,0.3
440.652776737109,390.257586922813,13.5399794566407,14926.375704736,713.766149008431,1,CT4,lLNv03,0.06378157132874111,0.06378157132874111,0.3
46.9497402278773,120.128888480641,8.40857440215518,10671.2667863164,687.862891406868,1,CT4,lLNv03,0.06378157132874111,0.06378157132874111,0.3
433.952224871806,424.36894032854,11.3753040536982,12078.5306755008,797.505622675086,1,CT4,lLNv03,0.06378157132874111,0.06378157132874111,0.3
159.136222372051,142.867951392401,14.0725388589998,2719.07935183599,211.028623917915,1,CT4,lLNv04,0.06369344203787111,0.06369344203787111,0.3
163.424779343584,258.058915319204,5.10673787706732,7730.12401285767,555.265269034352,1,CT4,lLNv04,0.06369344203787111,0.06369344203787111,0.3
201.776060808604,253.255929719171,4.52322069521574,13479.0135841539,572.661949725539,1,CT4,lLNv04,0.06369344203787111,0.06369344203787111,0.3
175.559094766356,356.839829987662,13.7049868340437,10762.2509767743,250.840579781063,1,CT4,lLNv04,0.06369344203787111,0.06369344203787111,0.3
180.303791101611,244.099583843324,3.45060798832675,6799.72077427396,456.907999993597,1,CT4,lLNv04,0.06369344203787111,0.06369344203787111,0.3
228.055052252216,153.305689520387,24.568110701915,8753.1132314643,554.195979686175,1,CT4,lLNv04,0.06369344203787111,0.06369344203787111,0.3
230.830505750229,140.082187110082,18.7319976766878,44932.0182480975,2975.71087622641,1,CT4,lLNv04,0.06369344203787111,0.06369344203787111,0.3
176.773640304158,236.412611933503,1.81663574863622,3078.2511025604,302.844431090888,1,CT4,lLNv04,0.06369344203787111,0.06369344203787111,0.3
234.274774442492,208.452582623493,10.5508726335855,17263.9584151206,618.48512177286,1,CT4,lLNv04,0.06369344203787111,0.06369344203787111,0.3
310.955708805793,182.862368131913,20.1721793063321,13406.5917688634,487.299741869689,1,CT4,lLNv04,0.06369344203787111,0.06369344203787111,0.3
299.383274251915,189.830552236696,7.42424084876405,23009.8505019236,457.903026279448,1,CT4,lLNv04,0.06369344203787111,0.06369344203787111,0.3
146.69002986499,244.765476063461,2.84489159523075,4401.44207517016,599.594958498555,1,CT4,lLNv04,0.06369344203787111,0.06369344203787111,0.3
205.885671564478,268.316393900704,9.83651247592258,4161.20089980074,425.631677150999,1,CT4,lLNv04,0.06369344203787111,0.06369344203787111,0.3
162.642348068469,309.454531186394,19.4921177004491,3620.55503968086,229.373351539126,1,CT4,lLNv04,0.06369344203787111,0.06369344203787111,0.3
280.654582580128,234.648440887984,11.2820095702927,24585.5597201507,1001.00891543428,1,CT4,lLNv04,0.06369344203787111,0.06369344203787111,0.3
216.260781006238,161.466427389901,17.1760946327985,12187.9535132869,593.890239414697,1,CT4,lLNv04,0.06369344203787111,0.06369344203787111,0.3
133.011980396129,219.379800157575,22.8302311056022,9234.17220208754,303.133137567299,1,CT4,lLNv04,0.06369344203787111,0.06369344203787111,0.3
275.441370121989,121.247231309176,11.130307169701,5319.93060881252,198.519253688123,1,CT4,lLNv04,0.06369344203787111,0.06369344203787111,0.3
163.574322170485,389.591555873372,14.461842606281,19808.4801491331,345.499464541242,1,CT4,lLNv04,0.06369344203787111,0.06369344203787111,0.3
218.922772525194,182.939129684017,18.9801383225748,7741.99807502723,268.962140432215,1,CT4,lLNv04,0.06369344203787111,0.06369344203787111,0.3
157.932104251011,246.080808874794,4.64044490635833,25667.7798190838,1035.96187086211,1,CT4,lLNv04,0.06369344203787111,0.06369344203787111,0.3
173.769057557724,205.339873466398,4.01809908316266,10233.6679507236,456.016469397169,1,CT4,lLNv04,0.06369344203787111,0.06369344203787111,0.3
113.529400153574,52.6730897702253,20.0475568409243,11519.1072100261,336.675619240108,1,CT4,lLNv05,0.0640231681898349,0.0640231681898349,0.3
328.266287337548,383.364880436132,3.22164553760724,6017.29681858768,828.073530502185,1,CT4,lLNv05,0.0640231681898349,0.0640231681898349,0.3
90.1096969014207,59.5729972647951,15.0886286033967,3899.39593867955,510.890995657142,1,CT4,lLNv05,0.0640231681898349,0.0640231681898349,0.3
324.355534352653,328.754407160511,6.24852963839646,34043.2381629101,1561.80068133028,1,CT4,lLNv05,0.0640231681898349,0.0640231681898349,0.3
295.974602548359,371.379933895196,3.69071394124613,13983.7853372264,312.027797449369,1,CT4,lLNv05,0.0640231681898349,0.0640231681898349,0.3
340.4688154955,324.658376795237,5.42671192627243,12328.9943436018,385.095818177317,1,CT4,lLNv05,0.0640231681898349,0.0640231681898349,0.3
343.606223632787,358.428655446041,3.44817818228899,31593.0840162967,1364.28523975252,1,CT4,lLNv05,0.0640231681898349,0.0640231681898349,0.3
311.777562270734,353.78809417737,5.99579363426905,18422.3280319583,1432.01074746347,1,CT4,lLNv05,0.0640231681898349,0.0640231681898349,0.3
101.98837378019,58.5462204603809,15.3471557908291,10482.122405168,689.142113341914,1,CT4,lLNv05,0.0640231681898349,0.0640231681898349,0.3
394.086240299578,367.076054728215,9.87110011411542,2580.91328294767,195.098564078236,1,CT4,lLNv05,0.0640231681898349,0.0640231681898349,0.3
289.314346098718,251.915393411048,30.691145286288,2291.9348142886,155.46411127147,1,CT4,lLNv05,0.0640231681898349,0.0640231681898349,0.3
316.603870166982,367.908757098086,2.79481133809896,8199.19731030666,327.244725943198,1,CT4,lLNv05,0.0640231681898349,0.0640231681898349,0.3
329.449086442118,397.306961286763,10.7595856013816,5257.52160104281,464.698720267914,1,CT4,lLNv05,0.0640231681898349,0.0640231681898349,0.3
87.2802369619717,51.158238484159,17.5416179060407,25258.3189283191,942.855590283275,1,CT4,lLNv05,0.0640231681898349,0.0640231681898349,0.3
328.329939790369,392.5902536733,6.9854518262851,5262.51206613583,580.061324519291,1,CT4,lLNv05,0.0640231681898349,0.0640231681898349,0.3
281.414861026616,266.177763959027,25.2907833132301,4715.14198797561,202.110920969681,1,CT4,lLNv05,0.0640231681898349,0.0640231681898349,0.3
80.8305508567097,32.4311523338345,20.6282960065502,6132.6004911454,285.095176078947,1,CT4,lLNv05,0.0640231681898349,0.0640231681898349,0.3
339.375350364075,370.393657809899,3.01340885098233,42474.6199412593,948.836498979785,1,CT4,lLNv05,0.0640231681898349,0.0640231681898349,0.3
122.074024818495,138.620705615723,32.532725333799704,1830.22076538695,154.594954569787,1,CT4,lLNv05,0.0640231681898349,0.0640231681898349,0.3
376.640776740863,338.148046418684,8.84068416686227,25542.5523969945,839.791865534565,1,CT4,lLNv05,0.0640231681898349,0.0640231681898349,0.3
283.235147214138,236.795165286724,31.386890192393,3850.1162411951,366.04510377413,1,CT4,lLNv05,0.0640231681898349,0.0640231681898349,0.3
215.525240656627,128.617190803573,3.32209410307529,2168.27492595613,161.756290659723,1,CT4,lLNv06,0.06369344203787111,0.06369344203787111,0.3
166.540087742144,326.765023693589,23.1746679737097,23936.8604935749,537.059124664926,1,CT4,lLNv06,0.06369344203787111,0.06369344203787111,0.3
244.22796084967,98.3354958317356,19.26880319948,33919.8720410559,727.98060054997,1,CT4,lLNv06,0.06369344203787111,0.06369344203787111,0.3
144.592549385256,223.671559212274,10.6602718375247,16306.9915544439,461.204299862062,1,CT4,lLNv06,0.06369344203787111,0.06369344203787111,0.3
219.51960890412,138.653077534783,21.7186953545602,13884.130579244,407.816102429552,1,CT4,lLNv06,0.06369344203787111,0.06369344203787111,0.3
258.092002862149,164.241168941004,3.94933101537756,10827.4535380622,360.68322505822,1,CT4,lLNv06,0.06369344203787111,0.06369344203787111,0.3
285.99313989511,136.855047523368,25.082536202851,18371.2055106869,913.560008123867,1,CT4,lLNv06,0.06369344203787111,0.06369344203787111,0.3
281.447348339078,124.707549275225,19.0988793906597,11660.7004501999,486.635551355007,1,CT4,lLNv06,0.06369344203787111,0.06369344203787111,0.3
278.415579862811,194.553451969574,7.88371994474304,16019.4058334586,817.466414660733,1,CT4,lLNv06,0.06369344203787111,0.06369344203787111,0.3
234.406891790709,215.82615968361,10.6161141349022,5009.12611096952,425.874523529744,1,CT4,lLNv06,0.06369344203787111,0.06369344203787111,0.3
192.484041803962,163.726984046879,2.12762209217568,12991.3067949216,260.83441338666,1,CT4,lLNv06,0.06369344203787111,0.06369344203787111,0.3
225.838430579229,180.693348568129,21.3395738239641,2361.59815601938,217.271965183465,1,CT4,lLNv06,0.06369344203787111,0.06369344203787111,0.3
198.46806119003,59.0518009857494,28.3632369454738,2666.93890001545,169.574336595375,1,CT4,lLNv06,0.06369344203787111,0.06369344203787111,0.3
208.438874068518,190.59563102355,4.3994722870669,84479.4210293001,2174.98425852195,1,CT4,lLNv06,0.06369344203787111,0.06369344203787111,0.3
165.20400131846,308.969135616623,23.4291035624458,6937.84529009907,245.430750819774,1,CT4,lLNv06,0.06369344203787111,0.06369344203787111,0.3
279.056138207332,180.097310688497,7.8528281098424,13026.4311946511,355.544416632951,1,CT4,lLNv06,0.06369344203787111,0.06369344203787111,0.3
261.649458110961,226.960280697839,20.8601360040811,18974.1131776522,439.919825375204,1,CT4,lLNv06,0.06369344203787111,0.06369344203787111,0.3
221.887979674412,158.201015986547,6.13436405282071,33522.5368492149,2583.56701101968,1,CT4,lLNv06,0.06369344203787111,0.06369344203787111,0.3
213.225167540988,138.844342839089,21.1670605103512,11543.0616442307,620.414178326254,1,CT4,lLNv06,0.06369344203787111,0.06369344203787111,0.3
265.440029666318,184.408947625629,5.53417079283783,16382.1561269881,616.791119021998,1,CT4,lLNv06,0.06369344203787111,0.06369344203787111,0.3
224.224094296268,124.251070586153,22.8071932928356,37577.625333831,1722.88226465577,1,CT4,lLNv06,0.06369344203787111,0.06369344203787111,0.3
141.844065120563,264.067525303194,21.1720778731073,3095.90171380556,160.701557219813,1,CT4,lLNv06,0.06369344203787111,0.06369344203787111,0.3
187.55103634994,287.286155933547,21.7350434788845,4917.83366933189,216.096379128915,1,CT4,lLNv06,0.06369344203787111,0.06369344203787111,0.3
446.816269780491,405.197123293338,15.9412073690988,12170.6160118614,267.480074254488,1,CT4,lLNv08-1,0.06378157132874111,0.06378157132874111,0.3
419.358191511923,455.477138938729,15.1537117656095,18243.1357687855,619.179937363989,1,CT4,lLNv08-1,0.06378157132874111,0.06378157132874111,0.3
387.260387932082,441.765860777658,13.530460799613,25050.644121561,640.729537340858,1,CT4,lLNv08-1,0.06378157132874111,0.06378157132874111,0.3
436.970578588273,408.858712736193,16.1457888230868,9334.63449058674,271.620813203207,1,CT4,lLNv08-1,0.06378157132874111,0.06378157132874111,0.3
367.174828778351,449.664278373089,17.6608420050703,6731.37978853985,382.951868956524,1,CT4,lLNv08-1,0.06378157132874111,0.06378157132874111,0.3
482.167609930323,392.411778484463,17.0444124140172,7856.24849931686,565.117722422754,1,CT4,lLNv08-1,0.06378157132874111,0.06378157132874111,0.3
409.121217864815,417.46797278218,13.0771908415099,3913.11021370009,299.370915219742,1,CT4,lLNv08-1,0.06378157132874111,0.06378157132874111,0.3
209.50701489466,105.930755870701,10.5100284226884,3635.99217476513,896.160222381101,1,CT4,lLNv08-2,0.06369344203787111,0.06369344203787111,0.3
191.062515629624,136.793426414932,9.52421716401961,7685.29408622841,283.441756211845,1,CT4,lLNv08-2,0.06369344203787111,0.06369344203787111,0.3
210.092646150611,140.747720829944,8.56070905527079,19925.6864832931,540.745607347357,1,CT4,lLNv08-2,0.06369344203787111,0.06369344203787111,0.3
333.214455569857,345.027460942522,24.0465056217068,2526.43048562227,129.720311686929,1,CT4,lLNv08-2,0.06369344203787111,0.06369344203787111,0.3
215.055933741831,130.580542538758,10.1043664102069,21527.2080628952,994.016309897997,1,CT4,lLNv08-2,0.06369344203787111,0.06369344203787111,0.3
119.051189731293,149.954943072061,11.4944914402288,5187.47785886212,180.413254989059,1,CT4,lLNv08-2,0.06369344203787111,0.06369344203787111,0.3
187.286914184325,173.877977539932,3.5651540804506,5976.61406567799,323.425691314201,1,CT4,lLNv08-2,0.06369344203787111,0.06369344203787111,0.3
171.461697247382,154.014290937765,6.22241186585091,56454.3916794046,1415.29997619244,1,CT4,lLNv08-2,0.06369344203787111,0.06369344203787111,0.3
194.179202651682,118.885926595133,11.7352160717159,21687.9190995143,1170.72638309631,1,CT4,lLNv08-2,0.06369344203787111,0.06369344203787111,0.3
186.176765755711,205.94118828117,5.66681116596549,6969.14990048898,246.303379642603,1,CT4,lLNv08-3,0.06369344203787111,0.06369344203787111,0.3
227.445412072919,217.665284850266,5.76596905422534,5156.31871646823,182.950821662703,1,CT4,lLNv08-3,0.06369344203787111,0.06369344203787111,0.3
213.602550927817,238.809878866848,7.13348167040987,14410.2390659863,317.999102981067,1,CT4,lLNv08-3,0.06369344203787111,0.06369344203787111,0.3
236.255574766463,254.618392458931,9.55531668724499,7199.56511984087,231.090727647164,1,CT4,lLNv09-1,0.0640231681898346,0.0640231681898346,0.3
358.006708296817,364.111935968858,11.6555835595531,9241.1167405622,748.554568713878,1,CT4,lLNv09-1,0.0640231681898346,0.0640231681898346,0.3
203.964629623433,232.539441332739,8.24412319879479,30362.607753527,2009.95536821703,1,CT4,lLNv09-1,0.0640231681898346,0.0640231681898346,0.3
244.146278312193,209.910905390817,14.0147420511404,4000.57834886172,220.797756594746,1,CT4,lLNv09-1,0.0640231681898346,0.0640231681898346,0.3
171.569242262333,203.166459143278,10.119496211026,4907.76941234952,678.582399678602,1,CT4,lLNv09-1,0.0640231681898346,0.0640231681898346,0.3
218.887193383357,227.653805731051,11.8041928890993,2070.13225111479,567.672391690983,1,CT4,lLNv09-1,0.0640231681898346,0.0640231681898346,0.3
355.863288931293,359.819805586794,11.2610063415699,10614.942250346,880.196893839353,1,CT4,lLNv09-1,0.0640231681898346,0.0640231681898346,0.3
371.122184940736,396.39009925089,8.55382952210718,11653.9690882826,643.141890067033,1,CT4,lLNv09-1,0.0640231681898346,0.0640231681898346,0.3
214.607345052871,196.043426249264,12.3384281363564,4441.4247754396,258.536740506054,1,CT4,lLNv09-1,0.0640231681898346,0.0640231681898346,0.3
211.415950740027,251.264530599882,9.26796855169709,14918.5427796327,465.906956663365,1,CT4,lLNv09-1,0.0640231681898346,0.0640231681898346,0.3
349.424210641191,398.739109265821,10.2885477630068,12085.1759382214,505.70573322374,1,CT4,lLNv09-1,0.0640231681898346,0.0640231681898346,0.3
188.861862562941,263.645270499242,14.8115570965525,15309.2206748302,466.515794296959,1,CT4,lLNv09-2,0.06369344203787111,0.06369344203787111,0.3
181.24635532311,259.993587698612,16.6177637089407,9415.01150193079,447.611118159878,1,CT4,lLNv09-2,0.06369344203787111,0.06369344203787111,0.3
163.611195939408,270.231499664264,5.18354277986944,4250.77772024657,222.826474769134,1,CT4,lLNv09-2,0.06369344203787111,0.06369344203787111,0.3
187.80957305717,300.083891184707,15.5736206864438,4223.22022838422,232.20439573351,1,CT4,lLNv09-2,0.06369344203787111,0.06369344203787111,0.3
161.693216496096,301.935469243666,16.5888502471815,3960.91719620726,224.26496465967,1,CT4,lLNv09-2,0.06369344203787111,0.06369344203787111,0.3
140.870185933221,279.186972733952,11.3972266221563,6376.24302947221,275.470790238841,1,CT4,lLNv09-2,0.06369344203787111,0.06369344203787111,0.3
172.725581582246,301.080976398383,14.1499347031485,4405.74937459138,404.121289763831,1,CT4,lLNv09-2,0.06369344203787111,0.06369344203787111,0.3
403.842119037716,151.699292601541,17.743860425852102,4561.29707814637,234.170693277547,1,CT4,lLNv10-1,0.0640231681898346,0.0640231681898346,0.3
64.6399677599088,403.568798288767,28.7435355876703,4964.300378664,260.28219693933,1,CT4,lLNv10-1,0.0640231681898346,0.0640231681898346,0.3
53.0108372059428,49.0145723630296,6.71679286938786,8727.06240983439,295.993738729009,1,CT4,lLNv10-1,0.0640231681898346,0.0640231681898346,0.3
63.8435918531603,60.5551169657107,7.63078690641846,14676.7209042484,334.080594842787,1,CT4,lLNv10-1,0.0640231681898346,0.0640231681898346,0.3
53.3691013714711,57.700566431783,4.59520712621886,7717.29056302614,304.047780733477,1,CT4,lLNv10-1,0.0640231681898346,0.0640231681898346,0.3
108.817984039806,92.6108160634823,4.62698784031492,1034.7327897005,248.739456077603,1,CT4,lLNv10-1,0.0640231681898346,0.0640231681898346,0.3
270.093151300149,299.620878884176,16.0663950043548,1112.87433403643,150.235675078828,1,CT4,lLNv10-2 no signal,0.06369344203787111,0.06369344203787111,0.3
277.831645222174,328.969372438721,15.3212602540302,25195.3002653561,1864.21845978694,1,CT4,lLNv10-3,0.06345153275956888,0.06345153275956888,0.3
337.879856263195,341.108068304682,11.1045322624547,25701.4517052457,1624.05822076418,1,CT4,lLNv10-3,0.06345153275956888,0.06345153275956888,0.3
326.157018036226,250.764884401974,16.3299300746606,8896.6625851319,698.663192843864,1,CT4,lLNv10-3,0.06345153275956888,0.06345153275956888,0.3
324.894323450255,244.556201824569,16.4152078193965,23941.5967856375,731.324474861611,1,CT4,lLNv10-3,0.06345153275956888,0.06345153275956888,0.3
265.442014274453,304.171249899356,13.1396506060195,23686.8922108826,1030.2335221253,1,CT4,lLNv10-3,0.06345153275956888,0.06345153275956888,0.3
317.956233696868,212.663775585004,11.9077888373596,33726.4498086857,709.891030423658,1,CT4,lLNv10-3,0.06345153275956888,0.06345153275956888,0.3
324.168575098038,269.081929165008,19.789024937653,3335.67745522784,262.624001355681,1,CT4,lLNv10-3,0.06345153275956888,0.06345153275956888,0.3
152.441238523126,313.978649478874,20.8669045208796,6540.75150155471,216.921367765876,1,CT4,lLNv10-3,0.06345153275956888,0.06345153275956888,0.3
286.382873297852,297.630917972794,23.4734556291548,3599.92209419,1027.29340585728,1,CT4,lLNv10-3,0.06345153275956888,0.06345153275956888,0.3
314.853404885511,255.417220185743,10.4401097505501,20989.9376083721,1909.97747583526,1,CT4,lLNv10-3,0.06345153275956888,0.06345153275956888,0.3
192.973389984987,348.979479098583,20.3928074558286,17445.4277268111,912.527148909541,1,CT4,lLNv10-3,0.06345153275956888,0.06345153275956888,0.3
322.346103172579,262.169505991723,8.56076766998915,15503.69216047,1099.8679303962,1,CT4,lLNv10-3,0.06345153275956888,0.06345153275956888,0.3
217.925976679706,271.5587531452,19.1516523222493,11753.9809618041,325.480651746096,1,CT4,lLNv10-3,0.06345153275956888,0.06345153275956888,0.3
332.745904113451,260.345668719697,13.1233420385386,8858.71103710644,984.507132928515,1,CT4,lLNv10-3,0.06345153275956888,0.06345153275956888,0.3
203.737421279307,295.532225707763,20.4650232939269,28191.7621208939,1082.3421341883,1,CT4,lLNv10-3,0.06345153275956888,0.06345153275956888,0.3
313.741061406989,274.112898145505,11.2070554853511,55367.0161367835,2942.82478162985,1,CT4,lLNv10-3,0.06345153275956888,0.06345153275956888,0.3
238.645230016048,218.09631398546,19.8710732399724,4195.37261872456,330.205366562902,1,CT4,lLNv10-3,0.06345153275956888,0.06345153275956888,0.3
243.964473645493,243.45779848671,27.3007222141392,2001.81188334655,233.351931995742,1,CT4,lLNv10-3,0.06345153275956888,0.06345153275956888,0.3
305.315135472327,277.057107192072,6.97873739210978,19214.7761003247,1707.35764712833,1,CT4,lLNv10-3,0.06345153275956888,0.06345153275956888,0.3
331.268600943927,280.131091494389,7.24878714486695,63907.2422633287,3078.08244961762,1,CT4,lLNv10-3,0.06345153275956888,0.06345153275956888,0.3
315.920891371394,234.274068982608,4.60767574388283,55025.5455433946,1303.88733253143,1,CT4,lLNv10-3,0.06345153275956888,0.06345153275956888,0.3
341.976721655958,280.28687041698,3.54810383131437,31198.4922689237,893.565690880708,1,CT4,lLNv10-3,0.06345153275956888,0.06345153275956888,0.3
275.940235820325,261.187878144121,12.9007541887073,7763.59404335353,630.172831181572,1,CT4,lLNv11-1,0.06369344203787111,0.06369344203787111,0.3
286.281191074848,280.636167289209,8.15213657098641,23405.3025162075,1035.85941347841,1,CT4,lLNv11-1,0.06369344203787111,0.06369344203787111,0.3
302.107440048592,263.630264860496,8.63409064392248,46804.5528290847,1600.79392859704,1,CT4,lLNv11-1,0.06369344203787111,0.06369344203787111,0.3
310.875947690469,259.910078719126,5.18375484887267,16604.5678237577,1005.53757601242,1,CT4,lLNv11-1,0.06369344203787111,0.06369344203787111,0.3
201.938431247987,174.824438270259,15.463477192354,3049.23223095796,281.680793398694,1,CT4,lLNv11-1,0.06369344203787111,0.06369344203787111,0.3
217.333367600327,168.678368210512,15.3980132264194,4791.56004021187,224.946948442252,1,CT4,lLNv11-1,0.06369344203787111,0.06369344203787111,0.3
265.826464363939,282.376387066828,5.24858928118711,32840.1409777298,791.910493368072,1,CT4,lLNv11-1,0.06369344203787111,0.06369344203787111,0.3
126.285362808603,179.046160439968,3.43635223937086,3948.203192833,149.56839299405,1,CT4,lLNv11-2 no signal,0.06369344203787111,0.06369344203787111,0.3
285.618426475361,287.255411060907,6.165994238978,9317.13615149556,209.285967653356,1,CT4,lLNv11-2 no signal,0.06369344203787111,0.06369344203787111,0.3
115.220044291399,165.328365157958,2.69403508692289,3351.52894824097,155.718598422614,1,CT4,lLNv11-2 no signal,0.06369344203787111,0.06369344203787111,0.3
96.8110234836137,160.740003976737,17.3341034367221,1992.11368633818,134.284454224343,1,CT4,lLNv11-2 no signal,0.06369344203787111,0.06369344203787111,0.3
170.185442787632,278.649427687753,20.0903912477678,23086.3907058059,1039.46723700289,1,CT4,lLNv12,0.06369344203787111,0.06369344203787111,0.3
167.367872532715,141.382667141726,7.85684975970618,7220.66551871123,227.02352812206,1,CT4,lLNv12,0.06369344203787111,0.06369344203787111,0.3
197.048052906391,254.858065849782,16.478679710145,23446.8710403143,1497.30243055068,1,CT4,lLNv12,0.06369344203787111,0.06369344203787111,0.3
165.812826166173,284.831862428399,19.8121782884915,12814.2986494992,1159.26663468416,1,CT4,lLNv12,0.06369344203787111,0.06369344203787111,0.3
210.176174130139,253.739125058378,17.1399745423593,24133.4695827837,1253.00661283029,1,CT4,lLNv12,0.06369344203787111,0.06369344203787111,0.3
205.42674283182,191.213996564011,7.18345151182687,13509.6398202515,529.9331865361,1,CT4,lLNv12,0.06369344203787111,0.06369344203787111,0.3
191.861307908014,164.652255972207,5.98134237186365,21979.5538994789,690.73577440038,1,CT4,lLNv12,0.06369344203787111,0.06369344203787111,0.3
199.873531854132,148.392087153265,22.2022395121357,4209.94366262724,219.354916305293,1,CT4,lLNv12,0.06369344203787111,0.06369344203787111,0.3
158.592386685195,219.759449116516,12.8299984046681,21523.6628772594,500.893994677018,1,CT4,lLNv13,0.06369344203787111,0.06369344203787111,0.3
184.443176577024,228.726111537853,6.11775499245026,40846.5837996714,967.48472186621,1,CT4,lLNv13,0.06369344203787111,0.06369344203787111,0.3
199.20233880423,275.976333693244,9.92430877171895,3379.62518516497,166.276317102534,1,CT4,lLNv13,0.06369344203787111,0.06369344203787111,0.3
124.718757160559,64.5472707506576,5.9906949879252,30942.9525154067,1675.29408319116,1,CT4,lLNv13,0.06369344203787111,0.06369344203787111,0.3
70.2004373853725,178.575186556751,2.35452020540295,20504.1014685532,649.112632173802,1,CT4,lLNv13,0.06369344203787111,0.06369344203787111,0.3
319.128359654999,290.251373753853,25.5731019660183,3859.75713369805,154.64942140569,1,CT4,lLNv13,0.06369344203787111,0.06369344203787111,0.3
115.748799755013,80.3308922006434,6.84263045004469,6422.40917734404,258.215528496987,1,CT4,lLNv13,0.06369344203787111,0.06369344203787111,0.3
186.040694356563,241.845994581095,7.56837867409034,21655.2291258335,822.505136805986,1,CT4,lLNv13,0.06369344203787111,0.06369344203787111,0.3
277.650266529992,280.193317830325,15.0903603281464,2099.75906159738,111.613588602587,1,CT4,lLNv13,0.06369344203787111,0.06369344203787111,0.3
173.763733434322,204.732297497654,14.5281879742709,5070.62340337256,214.779118704703,1,CT4,lLNv13,0.06369344203787111,0.06369344203787111,0.3
178.920057650684,248.857900718132,12.7493282331573,14846.7465023586,633.282267312919,1,CT4,lLNv13,0.06369344203787111,0.06369344203787111,0.3
105.300849035881,104.439503383289,6.46787714125555,57124.172386547,2142.2864216143,1,CT4,lLNv13,0.06369344203787111,0.06369344203787111,0.3
118.382543716955,51.4430546400703,3.86909363944991,1734.27740701107,165.835055166953,1,CT4,lLNv13,0.06369344203787111,0.06369344203787111,0.3
321.047114352431,335.306175329885,6.41819646489553,61824.8185585144,1207.74270731106,1,CT4,lLNv14-1,0.06369344203787111,0.06369344203787111,0.3
315.098977196091,290.715776149736,8.27391439705197,19273.7795155721,675.480768154537,1,CT4,lLNv14-1,0.06369344203787111,0.06369344203787111,0.3
286.316310440358,259.515823383386,12.4868048351587,1375.48800675166,307.852225691786,1,CT4,lLNv14-1,0.06369344203787111,0.06369344203787111,0.3
304.292433090214,291.76708113875,8.60649310013374,5143.26052130035,625.199779638842,1,CT4,lLNv14-1,0.06369344203787111,0.06369344203787111,0.3
288.842635301948,299.226041742824,5.04982682685416,36421.788685555,913.6024402191,1,CT4,lLNv14-1,0.06369344203787111,0.06369344203787111,0.3
298.94200974273,297.24339097249,5.01380123492025,11227.2705693436,916.496894821489,1,CT4,lLNv14-1,0.06369344203787111,0.06369344203787111,0.3
297.6936368657,305.707836254698,8.64787620583251,6573.41872992552,1413.47727083454,1,CT4,lLNv14-1,0.06369344203787111,0.06369344203787111,0.3
326.99118275891,328.490541156197,4.55487170267015,15443.9647608031,1745.30088306709,1,CT4,lLNv14-1,0.06369344203787111,0.06369344203787111,0.3
445.339390187158,406.302004694972,7.35606428046723,12879.8890784414,478.892890765331,1,CT4,lLNv14-2,0.06378157132874111,0.06378157132874111,0.3
383.383580172825,397.28300608584,8.27194484899142,8548.43388955738,523.56662239913,1,CT4,lLNv14-2,0.06378157132874111,0.06378157132874111,0.3
385.528590299373,437.336521762884,8.62262181685334,27433.9664416561,860.616960596885,1,CT4,lLNv14-2,0.06378157132874111,0.06378157132874111,0.3
89.3776106299639,154.099733105236,23.0930436886735,14743.7672548276,335.274481829728,1,CT4,lLNv14-2,0.06378157132874111,0.06378157132874111,0.3
409.769778217634,434.165789791647,10.3432521350237,11072.8322628883,258.306367559637,1,CT4,lLNv14-2,0.06378157132874111,0.06378157132874111,0.3
404.269455081114,400.059486549601,9.29795943276033,28206.4731858037,2936.9826268836,1,CT4,lLNv14-2,0.06378157132874111,0.06378157132874111,0.3
248.637440189174,109.309291789785,6.65737760163488,33010.2748911467,636.562819767499,1,CT4,lLNv14-2,0.06378157132874111,0.06378157132874111,0.3
434.685196942113,378.680136121236,10.0734184133197,10510.2573015725,265.906255606956,1,CT4,lLNv14-2,0.06378157132874111,0.06378157132874111,0.3
61.2925265178368,222.779683270851,31.8317545149476,10766.6746696402,474.8130330553,1,CT4,lLNv14-2,0.06378157132874111,0.06378157132874111,0.3
251.228531817634,89.4174163793825,4.89522543838074,12724.7944499718,1273.14829642574,1,CT4,lLNv14-2,0.06378157132874111,0.06378157132874111,0.3
86.5175789061123,140.457335423537,22.4368596051243,4570.98382190203,166.315017575394,1,CT4,lLNv14-2,0.06378157132874111,0.06378157132874111,0.3
433.229149857896,352.842170291544,15.6202697357774,4510.46651689143,231.660233071526,1,CT4,lLNv14-2,0.06378157132874111,0.06378157132874111,0.3
370.021718953045,403.568486485435,10.1691556052492,16557.6295968551,630.899217991598,1,CT4,lLNv14-2,0.06378157132874111,0.06378157132874111,0.3
432.619204661278,408.556742596566,10.9974963527639,3469.66762956085,217.779520393897,1,CT4,lLNv14-2,0.06378157132874111,0.06378157132874111,0.3
417.248824327014,399.37442922331,10.2250404997543,33356.8167298683,1256.42769261841,1,CT4,lLNv14-2,0.06378157132874111,0.06378157132874111,0.3
254.343737030843,99.1608792203246,7.6277993199682,13821.9598224593,634.734565372029,1,CT4,lLNv14-2,0.06378157132874111,0.06378157132874111,0.3
74.8136904851744,260.31233341447,14.0561577975861,2956.56452644573,433.650050826729,1,CT4,lLNv15,0.06369344203787111,0.06369344203787111,0.3
140.51923128427,259.054911110134,7.41605137442604,6701.10101127332,279.808691567782,1,CT4,lLNv15,0.06369344203787111,0.06369344203787111,0.3
123.564400066269,286.171952052612,4.95668293069333,14623.4189165743,479.176493532094,1,CT4,lLNv15,0.06369344203787111,0.06369344203787111,0.3
69.8920471987548,299.064139864873,12.9415144928097,5596.53083782832,565.250576968533,1,CT4,lLNv15,0.06369344203787111,0.06369344203787111,0.3
91.9203102324418,342.010891857257,11.3221424530822,9899.6159160551,336.737640286131,1,CT4,lLNv15,0.06369344203787111,0.06369344203787111,0.3
154.295553122308,300.459833068483,3.09668035228994,9933.34799933492,465.33355149496,1,CT4,lLNv15,0.06369344203787111,0.06369344203787111,0.3
43.7505209804568,311.165314613587,12.0326488282941,7836.94049472277,495.78119351696,1,CT4,lLNv15,0.06369344203787111,0.06369344203787111,0.3
171.170461052574,231.448121634525,8.74784043739477,7513.49299817535,499.472007799545,1,CT4,lLNv15,0.06369344203787111,0.06369344203787111,0.3
83.6953187972693,250.729185743552,15.3867231847059,11164.8516326782,294.538730738835,1,CT4,lLNv15,0.06369344203787111,0.06369344203787111,0.3
108.95716899178301,308.962364604042,13.9771599254849,3579.30382777105,295.621008841253,1,CT4,lLNv15,0.06369344203787111,0.06369344203787111,0.3
136.975830984309,275.702798219228,6.06480993920132,4956.42253425436,574.760818875568,1,CT4,lLNv15,0.06369344203787111,0.06369344203787111,0.3
96.9048678248977,274.228408122158,13.3903844815233,12026.3613419361,545.580259370893,1,CT4,lLNv15,0.06369344203787111,0.06369344203787111,0.3
79.4988202107104,340.708298865264,13.2676789527871,4163.66810085825,337.732507563997,1,CT4,lLNv15,0.06369344203787111,0.06369344203787111,0.3
66.4118324982679,111.466334821648,16.8891460136288,9015.33021396847,311.928524023134,1,CT4,lLNv16,0.06369344203787111,0.06369344203787111,0.3
78.4946128519839,115.2708650622,22.6527970507908,25097.5028710269,512.036607941891,1,CT4,lLNv16,0.06369344203787111,0.06369344203787111,0.3
84.004989654246,144.360110964831,19.5749841911378,8395.76805631799,758.858194049254,1,CT4,lLNv16,0.06369344203787111,0.06369344203787111,0.3
251.014202114712,92.3315988659888,3.48285195084734,10243.8194105001,226.573448977232,1,CT4,lLNv16,0.06369344203787111,0.06369344203787111,0.3
175.756150366267,112.60222330127,10.6233290550535,13404.6573613616,631.149996334922,1,CT4,lLNv16,0.06369344203787111,0.06369344203787111,0.3
147.502068055172,176.22356125334,7.26707736763799,7491.03017158212,395.759706022154,1,CT4,lLNv16,0.06369344203787111,0.06369344203787111,0.3
86.8944718094038,133.464516931039,21.1544700471997,2155.33723755792,603.199651341659,1,CT4,lLNv16,0.06369344203787111,0.06369344203787111,0.3
67.1696681680729,109.939165563293,23.6886697414124,13119.3351006211,393.494149571008,1,CT4,lLNv16,0.06369344203787111,0.06369344203787111,0.3
184.148657215323,231.115632189279,23.1846881302492,12528.4722026264,482.813482968013,1,CT4,lLNv17,0.06402316818983445,0.06402316818983445,0.3
197.736257955057,256.881325052149,21.7968546518055,11399.9160721804,583.415009648774,1,CT4,lLNv17,0.06402316818983445,0.06402316818983445,0.3
268.959383827832,282.19485136162,18.9392055367307,5241.39949402392,193.545042761071,1,CT4,lLNv17,0.06402316818983445,0.06402316818983445,0.3
327.466682841624,378.292618547685,13.7836000780604,2234.4037857371,174.322364617507,1,CT4,lLNv17,0.06402316818983445,0.06402316818983445,0.3
371.705773853201,422.602241683905,17.9041050942916,25625.6506697354,697.130957039081,1,CT4,lLNv17,0.06402316818983445,0.06402316818983445,0.3
379.06061303502,354.412749885556,12.2240971419892,24920.4601318019,822.792156348252,1,CT4,lLNv17,0.06402316818983445,0.06402316818983445,0.3
138.849146665774,113.910322975278,7.84936822611838,12298.5413798166,392.209223134439,1,CT4,lLNv17,0.06402316818983445,0.06402316818983445,0.3
279.165398488317,251.301879592663,17.0680357284647,4926.75883819118,233.974794734427,1,CT4,lLNv17,0.06402316818983445,0.06402316818983445,0.3
354.996626926277,376.80568067235,11.820370219884,14837.3369173752,538.007570369119,1,CT4,lLNv17,0.06402316818983445,0.06402316818983445,0.3
95.6505110861109,145.225545897964,8.12489895486134,17339.2208058105,382.755951325775,1,CT4,lLNv17,0.06402316818983445,0.06402316818983445,0.3
355.680314621809,334.237229848706,8.62315995930397,12004.3913786931,608.625261988754,1,CT4,lLNv17,0.06402316818983445,0.06402316818983445,0.3
203.727003158114,255.910029839652,22.790240643496,10294.9924393322,613.606046091069,1,CT4,lLNv17,0.06402316818983445,0.06402316818983445,0.3
333.783721291726,340.525057924211,9.5845611450233,18901.5740626859,570.35444355139,1,CT4,lLNv17,0.06402316818983445,0.06402316818983445,0.3
212.681313484023,194.398511540168,23.6827815265525,4651.80298635797,237.699661217211,1,CT4,lLNv17,0.06402316818983445,0.06402316818983445,0.3
259.024636172174,294.038772328798,19.7982704080826,5373.80309075894,239.169824450105,1,CT4,lLNv17,0.06402316818983445,0.06402316818983445,0.3
322.35342001069,337.657540756518,13.0698158536962,19130.349176459,887.130205210944,1,CT4,lLNv17,0.06402316818983445,0.06402316818983445,0.3
125.683624109994,116.891113756845,8.72965203248027,10655.5840885518,537.176191034144,1,CT4,lLNv17,0.06402316818983445,0.06402316818983445,0.3
379.061691093931,321.965954773459,10.6040463019437,2903.3789260932,219.466926292985,1,CT4,lLNv17,0.06402316818983445,0.06402316818983445,0.3
305.848607663893,303.39749336631,14.7350125667435,24442.4033868278,524.295171800955,1,CT4,lLNv18,0.06369344203787111,0.06369344203787111,0.3
260.557713658713,265.800149207077,29.920400202573,6852.0752130211,1309.45764226338,1,CT4,lLNv18,0.06369344203787111,0.06369344203787111,0.3
266.975820136136,281.673588484493,10.8936730278268,28380.0682642063,1120.16609653018,1,CT4,lLNv18,0.06369344203787111,0.06369344203787111,0.3
329.204415395128,328.727627468754,12.9441719345607,21385.4362541809,1026.53462878008,1,CT4,lLNv18,0.06369344203787111,0.06369344203787111,0.3
286.26902555765,327.584494436845,7.99181242587266,36212.1396708784,977.68308996104,1,CT4,lLNv18,0.06369344203787111,0.06369344203787111,0.3
275.22047053067803,294.730229230964,20.5344115631007,7639.71212978862,1109.33392926192,1,CT4,lLNv18,0.06369344203787111,0.06369344203787111,0.3
133.550576673225,169.511049744869,17.8767653468988,18951.6585654939,1384.37673827031,1,CT4,lLNv18,0.06369344203787111,0.06369344203787111,0.3
297.934946645409,253.634522554393,24.0374791727172,27529.5033061249,1320.44443014907,1,CT4,lLNv18,0.06369344203787111,0.06369344203787111,0.3
249.667813652706,204.998365979001,21.746295102501,3686.54096757277,179.461623709272,1,CT4,lLNv18,0.06369344203787111,0.06369344203787111,0.3
162.857524000117,146.95823977573,17.3133829016199,2105.08648763967,437.054202452061,1,CT4,lLNv18,0.06369344203787111,0.06369344203787111,0.3
37.2038790096327,129.562072505817,14.0014335353526,6774.78465952185,268.650922268773,1,CT4,lLNv18,0.06369344203787111,0.06369344203787111,0.3
116.138969499225,156.515522085099,24.9074882356955,10999.9613514276,527.32001574214,1,CT4,lLNv18,0.06369344203787111,0.06369344203787111,0.3
318.750757424791,284.464229037128,10.672595591621,9490.16095975333,548.666791130408,1,CT4,lLNv18,0.06369344203787111,0.06369344203787111,0.3
143.42389250613,166.971133518848,25.5553565559113,30100.9103736386,1188.37421527721,1,CT4,lLNv18,0.06369344203787111,0.06369344203787111,0.3
274.968775440495,284.932383057356,10.9769609551568,22191.0766622365,843.058186664486,1,CT4,lLNv18,0.06369344203787111,0.06369344203787111,0.3
277.220286117583,324.869389925482,7.14967093316161,33259.3955706091,1389.74259199568,1,CT4,lLNv18,0.06369344203787111,0.06369344203787111,0.3
161.20109725638,157.299710798885,23.9964195503865,6188.89432365351,681.412856871422,1,CT4,lLNv18,0.06369344203787111,0.06369344203787111,0.3
275.734084685565,305.072220482558,13.1714531734341,13861.9158274227,627.396099708091,1,CT4,lLNv18,0.06369344203787111,0.06369344203787111,0.3
266.990499154946,301.657141481131,12.1162649152462,36291.0779624685,1835.32792001756,1,CT4,lLNv18,0.06369344203787111,0.06369344203787111,0.3
172.645142720311,248.044601480147,15.0995061442411,42125.5528517974,1434.77924171789,1,CT4,lLNv18,0.06369344203787111,0.06369344203787111,0.3
248.477548751406,269.415877351572,28.7067993803872,30111.8456873963,926.288074349173,1,CT4,lLNv18,0.06369344203787111,0.06369344203787111,0.3
294.056085256883,295.912445744175,26.8885473362479,3844.09186228562,336.178330758201,1,CT4,lLNv18,0.06369344203787111,0.06369344203787111,0.3
285.460763627927,291.158901175735,20.3043634121953,39762.8760433162,1407.40312821545,1,CT4,lLNv18,0.06369344203787111,0.06369344203787111,0.3
271.507564262665,292.908264607745,9.56458368766759,20965.4347153031,1042.11986840852,1,CT4,lLNv18,0.06369344203787111,0.06369344203787111,0.3
249.346353898945,252.835530602564,28.8096143137623,20102.020615638,1035.06495361173,1,CT4,lLNv18,0.06369344203787111,0.06369344203787111,0.3
309.382648070936,348.180586907905,11.1919440701665,18249.6223755335,579.421549902356,1,CT4,lLNv18,0.06369344203787111,0.06369344203787111,0.3
224.286908726724,255.253776361625,27.7290240592431,15590.4933426704,570.683780362105,1,CT4,lLNv18,0.06369344203787111,0.06369344203787111,0.3
127.694520197554,158.455279812729,20.4138534047076,5362.33708167428,453.131451619787,1,CT4,lLNv18,0.06369344203787111,0.06369344203787111,0.3
330.294133207801,287.326930497837,15.2450476120748,16959.1340749028,753.992776526493,1,CT4,lLNv19,0.06369344203787111,0.06369344203787111,0.3
273.352045914276,265.308669343078,23.2469810496927,13217.5923399981,709.498640358403,1,CT4,lLNv19,0.06369344203787111,0.06369344203787111,0.3
85.1477924762005,112.867901555837,9.94652784562398,34505.2427312281,1282.51232125315,1,CT4,lLNv19,0.06369344203787111,0.06369344203787111,0.3
104.40547443135,128.111367347892,13.5264612679554,12134.7249771609,1077.71053062709,1,CT4,lLNv19,0.06369344203787111,0.06369344203787111,0.3
123.977896083593,109.525900617357,17.9412757289393,2634.79080981178,460.537351484028,1,CT4,lLNv19,0.06369344203787111,0.06369344203787111,0.3
105.376293087137,118.061572333031,11.8417161907436,21050.2718445708,992.543214903456,1,CT4,lLNv19,0.06369344203787111,0.06369344203787111,0.3
179.101225133092,114.583895688269,19.1350718840617,11785.3272400496,335.988837874148,1,CT4,lLNv19,0.06369344203787111,0.06369344203787111,0.3
168.143235996852,120.731771999594,18.1672873788893,10254.3435853249,299.2943869608,1,CT4,lLNv19,0.06369344203787111,0.06369344203787111,0.3
258.040793945839,267.968977173353,16.9784820473194,6220.90988771073,570.298626534917,1,CT4,lLNv19,0.06369344203787111,0.06369344203787111,0.3
191.599970498143,127.210679816322,15.4563815094511,11465.3672420089,488.910584742912,1,CT4,lLNv19,0.06369344203787111,0.06369344203787111,0.3
290.070156950029,318.346082153413,1.81428990286557,18928.2031506435,790.486356258361,1,CT4,lLNv19,0.06369344203787111,0.06369344203787111,0.3
186.847409956201,157.346182586339,17.2687993125498,40491.8573279438,997.412654223029,1,CT4,lLNv19,0.06369344203787111,0.06369344203787111,0.3
323.031443143531,270.493712340951,15.2808405229046,27738.2844746298,2110.92888698794,1,CT4,lLNv19,0.06369344203787111,0.06369344203787111,0.3
82.3205632853295,116.300185267894,14.8436083784525,22660.2183422101,1359.90827516519,1,CT4,lLNv19,0.06369344203787111,0.06369344203787111,0.3
306.257653471507,268.485259967876,15.196643581481,98255.1325581538,2861.73142863928,1,CT4,lLNv19,0.06369344203787111,0.06369344203787111,0.3
129.79724516367,122.878010560338,12.2708116230234,45789.0441666261,1354.98571881398,1,CT4,lLNv19,0.06369344203787111,0.06369344203787111,0.3
115.754790008103,140.352448271868,7.20178661129723,15937.7763482635,324.73240285107,1,CT4,lLNv19,0.06369344203787111,0.06369344203787111,0.3
284.02568491075,207.441332078187,4.39820230625382,2251.07025856456,128.212074327816,1,CT4,lLNv20,0.06369344203787111,0.06369344203787111,0.3
235.529631227648,216.12198477974,4.00610475498224,6407.42653618548,290.68770428388,1,CT4,lLNv20,0.06369344203787111,0.06369344203787111,0.3
154.514947724131,179.983566816007,11.1061828182591,4416.31326648186,202.759831229469,1,CT4,lLNv20,0.06369344203787111,0.06369344203787111,0.3
297.026846240802,88.806477779186,9.51392712193559,5824.41384708453,328.606993354142,1,CT4,lLNv20,0.06369344203787111,0.06369344203787111,0.3
169.597079004081,209.420420218981,9.66993475306602,4208.7893139919,159.29565562143,1,CT4,lLNv20,0.06369344203787111,0.06369344203787111,0.3
204.669179835014,317.731124113513,15.715454929498,26784.5523741298,538.09746481814,1,CT4,lLNv21,0.06369344203787111,0.06369344203787111,0.3
313.302985008436,90.280206649513,17.8494329743054,3200.16522213786,306.207078227772,1,CT4,lLNv21,0.06369344203787111,0.06369344203787111,0.3
318.402376960804,135.924539807385,19.1321992163269,31194.2112890529,1530.8735524364,1,CT4,lLNv21,0.06369344203787111,0.06369344203787111,0.3
340.199548895338,90.2156101464725,18.0885634436641,10006.4119237931,323.915632739289,1,CT4,lLNv21,0.06369344203787111,0.06369344203787111,0.3
154.65099604824,243.421570626881,16.392409997387,6619.98793221161,227.310052851777,1,CT4,lLNv21,0.06369344203787111,0.06369344203787111,0.3
249.928361690013,199.814359825127,6.02265684272057,28654.635623149,886.826740932452,1,CT4,lLNv21,0.06369344203787111,0.06369344203787111,0.3
298.229224201687,131.413881368994,19.5136080840142,4243.99529111401,321.564846713867,1,CT4,lLNv21,0.06369344203787111,0.06369344203787111,0.3
325.844408155148,63.1963564957299,16.2514634673354,27481.2694532645,1114.55434230668,1,CT4,lLNv21,0.06369344203787111,0.06369344203787111,0.3
328.850069838807,62.8061701120285,17.0227194515834,11172.3190452755,876.42808230492,1,CT4,lLNv21,0.06369344203787111,0.06369344203787111,0.3
287.451075916707,91.8586747367276,16.2539995148133,35326.2869971599,1072.2664056704,1,CT4,lLNv21,0.06369344203787111,0.06369344203787111,0.3
262.024831867347,207.191553571941,13.5857447191976,7883.66047020432,1102.11783545147,1,CT4,lLNv21,0.06369344203787111,0.06369344203787111,0.3
150.698503486717,312.5463546996,19.2209003791841,2983.11724290687,238.34473041451,1,CT4,lLNv21,0.06369344203787111,0.06369344203787111,0.3
150.7114706406,278.006084401674,16.7069041760598,15030.5824533411,436.930487321474,1,CT4,lLNv21,0.06369344203787111,0.06369344203787111,0.3
270.311961623977,246.337984857038,8.5763983759134,8644.96063082829,440.026859194408,1,CT4,lLNv21,0.06369344203787111,0.06369344203787111,0.3
283.422779367496,163.275131609794,14.5629065618582,3279.96850037987,320.668140761183,1,CT4,lLNv21,0.06369344203787111,0.06369344203787111,0.3
233.5772949479,215.699780621648,3.62047955982536,6693.60360918553,751.048727467591,1,CT4,lLNv21,0.06369344203787111,0.06369344203787111,0.3
258.397034724027,283.553180793437,8.0629157325299,5237.6197769108,236.008231213605,1,CT4,lLNv21,0.06369344203787111,0.06369344203787111,0.3
351.709377883992,92.3474770332592,20.4382999254199,13935.064730389,703.39851608562,1,CT4,lLNv21,0.06369344203787111,0.06369344203787111,0.3
265.123204374116,179.359805415066,10.4612315581488,37792.0547789803,1419.20112261104,1,CT4,lLNv21,0.06369344203787111,0.06369344203787111,0.3
360.157039565499,52.5717388357256,20.4515770956603,2992.6662624679,189.476049098328,1,CT4,lLNv21,0.06369344203787111,0.06369344203787111,0.3
242.802660024225,221.983778491338,5.0246798719908,26036.1543222302,1231.28225988349,1,CT4,lLNv21,0.06369344203787111,0.06369344203787111,0.3
232.037033811174,339.122928109896,15.0126044456928,1327.77796196513,156.7793574686,1,CT4,lLNv21,0.06369344203787111,0.06369344203787111,0.3
250.308770367139,89.4193623397852,13.4544626900453,32032.3426561928,1121.6103338492,1,CT4,lLNv22,0.06369344203787111,0.06369344203787111,0.3
172.985002686358,225.309419055888,13.5562864662656,18961.6268963295,1087.7973901629,1,CT4,lLNv22,0.06369344203787111,0.06369344203787111,0.3
261.211799282897,134.11060383464,14.3661095230307,4189.1259746331,258.151964061494,1,CT4,lLNv22,0.06369344203787111,0.06369344203787111,0.3
60.3510864704516,345.579165232512,7.46246906535347,22618.254243982,829.092018263231,1,CT4,lLNv22,0.06369344203787111,0.06369344203787111,0.3
142.29180053566,199.280200399859,19.4391211418732,1606.49651707198,174.318442581667,1,CT4,lLNv22,0.06369344203787111,0.06369344203787111,0.3
253.091241886077,384.490080687785,1.97726933142452,7684.43741142131,340.477314922919,1,CT4,lLNv22,0.06369344203787111,0.06369344203787111,0.3
194.589579304358,216.666772849024,8.55379891193627,17743.4830974703,984.769220738454,1,CT4,lLNv22,0.06369344203787111,0.06369344203787111,0.3
269.939405120036,74.5442457043707,4.74283937762698,7245.69421547222,318.707684304637,1,CT4,lLNv22,0.06369344203787111,0.06369344203787111,0.3
52.3128934331387,346.131551377518,8.23289025794932,32643.9944608342,929.896663069981,1,CT4,lLNv22,0.06369344203787111,0.06369344203787111,0.3
321.045282096504,87.3003042935404,10.8793634614774,24161.0711421784,921.970348559182,1,CT4,lLNv22,0.06369344203787111,0.06369344203787111,0.3
176.176264118789,189.758624046998,12.96482134797,12227.2047403643,337.566800043607,1,CT4,lLNv22,0.06369344203787111,0.06369344203787111,0.3
210.961981557737,231.875800510427,7.27614992038762,13354.2476136149,837.02453364831,1,CT4,lLNv22,0.06369344203787111,0.06369344203787111,0.3
99.873788451104,345.19585043573,11.5567703855333,2936.10156384875,1324.29546736908,1,CT4,lLNv22,0.06369344203787111,0.06369344203787111,0.3
252.76202251954,123.486784331747,14.5424069241287,35110.8623255484,1807.71730932082,1,CT4,lLNv22,0.06369344203787111,0.06369344203787111,0.3
296.820497969832,84.6805476707462,13.5565219639175,37423.213954587,1373.34338682934,1,CT4,lLNv22,0.06369344203787111,0.06369344203787111,0.3
162.728267034957,198.394454665581,12.0290311825623,11847.576011569,388.274177006168,1,CT4,lLNv22,0.06369344203787111,0.06369344203787111,0.3
281.73010828772,390.383465637996,1.63116634933129,29076.9305374996,586.616112840569,1,CT4,lLNv22,0.06369344203787111,0.06369344203787111,0.3
283.609667527827,94.8368212376255,12.361557461257,6489.52382693623,371.251762723171,1,CT4,lLNv22,0.06369344203787111,0.06369344203787111,0.3
153.317292635303,215.353125747727,11.4912849808116,16735.6728502064,761.282929390176,1,CT4,lLNv22,0.06369344203787111,0.06369344203787111,0.3
101.303243692161,351.725200216512,8.2049131015433,33565.211150959,806.596174594448,1,CT4,lLNv22,0.06369344203787111,0.06369344203787111,0.3
