 ,Time Point,Measurement#,Plane#,Equivalent Diameter,Spot Count,SpotIn Coords,SpotIn Dists,SpotOut Coords,SpotOut Dists
1,CT16,13,0010,4.63549837228,3,"[(176.897642851405, 118.784088507619, 9.92021951645797), (171.644979580656, 163.250478265108, 7.44323774839185), (198.944476100342, 127.816961913969, 8.12631261923761)]","[17.625776479274872, 8.495816152568361, 7.219461333754254]","[(228.575396952962, 249.316576727791, 11.2875017123421), (123.052425718016, 152.229104764375, 12.8245757454461)]","[68.49936706423448, 26.973434349701357]"
2,CT16,13,0010,8.42325422894,4,"[(176.897642851405, 118.784088507619, 9.92021951645797), (123.052425718016, 152.229104764375, 12.8245757454461), (171.644979580656, 163.250478265108, 7.44323774839185), (198.944476100342, 127.816961913969, 8.12631261923761)]","[41.48722318964844, 4.553489990181463, 50.33706059339559, 21.610520451825316]","[(228.575396952962, 249.316576727791, 11.2875017123421)]",[20.13711032964108]
3,CT16,13,0019,5.09621101383,3,"[(182.23178078547, 244.374210241866, 21.8117332065239), (228.060999643172, 240.307322904843, 16.7934482133832), (250.334500859485, 287.483236921501, 18.52266783787)]","[3.6316544171600906, 10.522137726201695, 11.533949528102022]","[(97.1550491467322, 147.229346865878, 19.0613724067018), (120.074524654295, 202.15566032343, 16.3082199654597), (103.224075459495, 208.341320098064, 20.9688659451882), (87.4832539033065, 191.413755133052, 16.6656517314055), (87.812592092251, 137.174450432759, 18.3345615194498)]","[120.3618077253033, 70.3962392852984, 83.22093216455227, 104.47966569053416, 133.93182101912848]"
4,CT16,13,0019,8.78025112721,3,"[(182.23178078547, 244.374210241866, 21.8117332065239), (228.060999643172, 240.307322904843, 16.7934482133832), (250.334500859485, 287.483236921501, 18.52266783787)]","[21.73791644158007, 40.85380621082952, 34.456481487939925]","[(97.1550491467322, 147.229346865878, 19.0613724067018), (120.074524654295, 202.15566032343, 16.3082199654597), (103.224075459495, 208.341320098064, 20.9688659451882), (87.4832539033065, 191.413755133052, 16.6656517314055), (87.812592092251, 137.174450432759, 18.3345615194498)]","[84.06956932243077, 50.679264862034, 64.65582642170398, 84.99488750457125, 95.87346299770024]"
5,CT16,13,0020,5.50312927084,4,"[(97.1550491467322, 147.229346865878, 19.0613724067018), (103.224075459495, 208.341320098064, 20.9688659451882), (87.812592092251, 137.174450432759, 18.3345615194498), (99.6630827839325, 166.331101178006, 22.0422060550504)]","[21.883589672444806, 13.534328844048549, 9.613459984612446, 26.497409882081705]","[(182.23178078547, 244.374210241866, 21.8117332065239), (250.334500859485, 287.483236921501, 18.52266783787), (205.383983883605, 265.006821914603, 22.7819495751777)]","[52.431644242499615, 132.61444175094297, 83.4433822435433]"
6,CT16,13,0020,8.92292915654,4,"[(97.1550491467322, 147.229346865878, 19.0613724067018), (103.224075459495, 208.341320098064, 20.9688659451882), (87.812592092251, 137.174450432759, 18.3345615194498), (99.6630827839325, 166.331101178006, 22.0422060550504)]","[44.36981613651159, 34.46416095797166, 38.82682951864116, 53.692218028061006]","[(182.23178078547, 244.374210241866, 21.8117332065239), (250.334500859485, 287.483236921501, 18.52266783787), (205.383983883605, 265.006821914603, 22.7819495751777)]","[19.13470025189838, 97.35053416030993, 47.09567682174455]"
7,CT16,9,0012,5.21642119389,3,"[(185.817001075674, 191.704078347517, 10.3293188259577), (180.783854855022, 193.848630765617, 11.3330992937176), (200.39490356527, 134.177314068715, 9.38324610916782)]","[13.8754588707896, 11.881863091421108, 8.099683923004147]","[(186.795505735827, 254.542905085274, 14.9001078686787)]",[48.820326746334224]
8,CT16,9,0012,8.14294568924,3,"[(185.817001075674, 191.704078347517, 10.3293188259577), (180.783854855022, 193.848630765617, 11.3330992937176), (200.39490356527, 134.177314068715, 9.38324610916782)]","[32.696160076512335, 30.79381418439591, 18.84985936443746]","[(186.795505735827, 254.542905085274, 14.9001078686787)]",[30.118102366224527]
9,CT16,7,0011,5.40988524231,6,"[(95.8252448758335, 147.693035163599, 10.06483608955), (152.490276543177, 182.209065880615, 9.93530840467692), (78.8035599355806, 139.716230953617, 10.2652894560156), (80.602054087971, 160.175329308096, 8.23177711210117), (101.525842584598, 180.509946852855, 8.10197744565654), (138.354723937832, 181.055555442097, 13.86805903655)]","[12.600056703185508, 1.2561031049336036, 4.218263688458052, 14.236294308412232, 25.33098742635389, 12.267248840671597]","[(199.43084684435, 191.37587570779, 12.1678630127702), (201.548497296429, 216.199238087416, 9.78068517168006)]","[49.05357343433384, 59.89906168618663]"
10,CT16,7,0011,8.87300540858,6,"[(95.8252448758335, 147.693035163599, 10.06483608955), (152.490276543177, 182.209065880615, 9.93530840467692), (78.8035599355806, 139.716230953617, 10.2652894560156), (80.602054087971, 160.175329308096, 8.23177711210117), (101.525842584598, 180.509946852855, 8.10197744565654), (138.354723937832, 181.055555442097, 13.86805903655)]","[33.39755144863641, 10.458527603553478, 31.681448370500988, 52.15213791389448, 46.43249419231758, 24.31604891954728]","[(199.43084684435, 191.37587570779, 12.1678630127702), (201.548497296429, 216.199238087416, 9.78068517168006)]","[37.11505831231064, 43.95785969311808]"
11,CT16,7,0012,4.78896047486,2,"[(199.43084684435, 191.37587570779, 12.1678630127702), (201.548497296429, 216.199238087416, 9.78068517168006)]","[18.902543521172092, 16.94717421273758]","[(95.8252448758335, 147.693035163599, 10.06483608955), (152.490276543177, 182.209065880615, 9.93530840467692), (78.8035599355806, 139.716230953617, 10.2652894560156), (189.385406879233, 242.981308266619, 14.7254757703108), (138.354723937832, 181.055555442097, 13.86805903655)]","[93.54130635723259, 28.462537371142133, 112.32679171004905, 9.432982329357383, 42.56584389200536]"
12,CT16,7,0012,8.42202769027,3,"[(199.43084684435, 191.37587570779, 12.1678630127702), (189.385406879233, 242.981308266619, 14.7254757703108), (201.548497296429, 216.199238087416, 9.78068517168006)]","[41.09400342397721, 19.173801700084475, 48.06386334803465]","[(95.8252448758335, 147.693035163599, 10.06483608955), (152.490276543177, 182.209065880615, 9.93530840467692), (78.8035599355806, 139.716230953617, 10.2652894560156), (138.354723937832, 181.055555442097, 13.86805903655)]","[66.17113317253126, 6.139729970588549, 82.87305571184731, 19.79009918326707]"
13,CT16,8,0013,4.82923839589,2,"[(187.298181596778, 194.735045951625, 10.0546185422465), (209.20066292946, 181.825724078548, 11.2293696988453)]","[2.572960334381346, 11.41377093917305]",[],[]
14,CT16,8,0013,8.30872240011,2,"[(187.298181596778, 194.735045951625, 10.0546185422465), (209.20066292946, 181.825724078548, 11.2293696988453)]","[38.58477700409179, 30.851295107267504]",[],[]
15,CT16,17,0019,4.37760651865,2,"[(199.245928208828, 249.950391548387, 19.633060402601), (234.806831909479, 263.729878731424, 18.1638330518997)]","[11.453114453409134, 8.9611444874352]","[(155.005807703687, 177.485268332011, 16.133945243099)]",[60.20005553632768]
16,CT16,17,0019,7.4523697695,2,"[(199.245928208828, 249.950391548387, 19.633060402601), (234.806831909479, 263.729878731424, 18.1638330518997)]","[34.68622948730584, 27.673717937254843]","[(155.005807703687, 177.485268332011, 16.133945243099)]",[34.881451392036155]
17,CT16,3,0014,4.96634008167,4,"[(155.29026774087, 225.234493467181, 13.1342098419263), (136.59879337151, 178.531396469679, 12.8785967809193), (153.199883177458, 173.747772807664, 11.2730055856496), (154.960073433383, 234.44418842716, 14.0361853351201)]","[14.285984411179344, 8.027124151326602, 18.358393881052073, 5.490456817473902]","[(124.710542943501, 89.7841144986157, 14.3885352058743), (109.145973829744, 99.6278015151183, 13.798949644482), (89.2974516387249, 170.468636790464, 15.2378795498441)]","[69.25434920725911, 67.39352716546773, 37.57300844931845]"
18,CT16,3,0014,9.3539200076,4,"[(155.29026774087, 225.234493467181, 13.1342098419263), (136.59879337151, 178.531396469679, 12.8785967809193), (153.199883177458, 173.747772807664, 11.2730055856496), (154.960073433383, 234.44418842716, 14.0361853351201)]","[52.15508902262342, 35.1885226312451, 33.99506205758678, 44.72484551363516]","[(124.710542943501, 89.7841144986157, 14.3885352058743), (109.145973829744, 99.6278015151183, 13.798949644482), (89.2974516387249, 170.468636790464, 15.2378795498441)]","[52.66570313249844, 46.80486957412812, 5.528800202820725]"
19,CT16,18,0010,5.61681823886,3,"[(97.5519158965985, 154.632746181392, 11.8057919536117), (96.5357415813612, 149.799404112291, 7.56302314314601), (121.77765137594, 163.885121760797, 8.15346863948359)]","[28.49546220201899, 33.41522226710043, 6.470045330714654]","[(276.660703600988, 233.16738130269, 10.6816169512702), (241.475650642524, 212.995863324513, 10.8479391321944), (366.454783663533, 369.930243561332, 12.9624627706041), (221.749342869688, 210.976062059875, 12.477829055745)]","[162.53241187449635, 121.98985390270843, 313.20345965581294, 103.66401497179912]"
20,CT16,18,0010,9.43254609128,3,"[(97.5519158965985, 154.632746181392, 11.8057919536117), (96.5357415813612, 149.799404112291, 7.56302314314601), (121.77765137594, 163.885121760797, 8.15346863948359)]","[51.23979544067991, 51.56095978483244, 31.780585492154277]","[(276.660703600988, 233.16738130269, 10.6816169512702), (241.475650642524, 212.995863324513, 10.8479391321944), (366.454783663533, 369.930243561332, 12.9624627706041), (221.749342869688, 210.976062059875, 12.477829055745)]","[131.15740513634304, 90.8417417826155, 276.00961654996297, 71.95554459760675]"
21,CT16,18,0015,5.56829190189,4,"[(248.264801198696, 236.280529100373, 15.1790810766186), (264.674618610443, 209.968782267562, 13.3276136779032), (288.100715130075, 198.879304404002, 17.3752946755551), (221.749342869688, 210.976062059875, 12.477829055745)]","[9.068444455975804, 37.18318945173001, 12.399243035990613, 4.1391516737746175]","[(366.454783663533, 369.930243561332, 12.9624627706041), (403.718572799262, 373.710780743855, 13.6811265173579)]","[137.49145414623624, 162.62231327849847]"
22,CT16,18,0015,9.64294095804,4,"[(248.264801198696, 236.280529100373, 15.1790810766186), (264.674618610443, 209.968782267562, 13.3276136779032), (288.100715130075, 198.879304404002, 17.3752946755551), (221.749342869688, 210.976062059875, 12.477829055745)]","[24.623826262489125, 55.44624812483008, 40.87627044952893, 29.09568498148366]","[(366.454783663533, 369.930243561332, 12.9624627706041), (403.718572799262, 373.710780743855, 13.6811265173579)]","[103.61228898349724, 126.30320907523233]"
23,CT16,6,0014,4.71997280826,3,"[(166.370082053596, 176.47772137986, 16.63842200529), (163.408916918716, 154.182766074145, 13.2532608180162), (182.679255817407, 159.231277987812, 12.2487059471276)]","[12.314379108286962, 21.59310170750471, 12.331503288878999]","[(206.022864387196, 250.43548086276, 13.2926382237409), (242.326792100043, 278.684005760971, 13.7659785605019), (227.537072668106, 289.826657047718, 15.2320225231594), (220.429739626222, 275.228668285303, 14.99061912911), (259.324113840314, 277.664403116133, 13.169387671306), (217.45608339943, 234.180049126294, 15.4714603168433)]","[54.12313954725098, 91.16299714655318, 97.05774572027796, 81.10768920448582, 97.91957977546015, 40.949091510052476]"
24,CT16,6,0014,7.41763307544,3,"[(166.370082053596, 176.47772137986, 16.63842200529), (163.408916918716, 154.182766074145, 13.2532608180162), (182.679255817407, 159.231277987812, 12.2487059471276)]","[28.77598917869242, 37.80337077534058, 29.487827969542344]","[(206.022864387196, 250.43548086276, 13.2926382237409), (242.326792100043, 278.684005760971, 13.7659785605019), (227.537072668106, 289.826657047718, 15.2320225231594), (220.429739626222, 275.228668285303, 14.99061912911), (259.324113840314, 277.664403116133, 13.169387671306), (217.45608339943, 234.180049126294, 15.4714603168433)]","[41.137202100395164, 63.94509598659471, 77.07818930604756, 63.64348915495181, 62.981722422422, 23.437892922606498]"
25,CT16,6,0017,4.35631568254,3,"[(227.537072668106, 289.826657047718, 15.2320225231594), (220.429739626222, 275.228668285303, 14.99061912911), (217.45608339943, 234.180049126294, 15.4714603168433)]","[5.281029120693664, 14.110196445451177, 7.044775653752316]","[(166.370082053596, 176.47772137986, 16.63842200529), (172.792968031946, 170.293397170821, 18.3095190701013)]","[60.73367369263872, 64.01506531661326]"
26,CT16,6,0017,7.85822677812,3,"[(227.537072668106, 289.826657047718, 15.2320225231594), (220.429739626222, 275.228668285303, 14.99061912911), (217.45608339943, 234.180049126294, 15.4714603168433)]","[23.04764356448635, 37.01789258226041, 18.633316524505684]","[(166.370082053596, 176.47772137986, 16.63842200529), (172.792968031946, 170.293397170821, 18.3095190701013)]","[21.81457496725586, 30.237823178580893]"
27,CT16,1,0010,5.24210340766,5,"[(206.962869203362, 251.352118122783, 8.19448862704092), (182.292062755754, 248.300400155049, 9.32233149770553), (192.911331557697, 256.344528462957, 8.39023389614082), (215.603528260618, 275.103552263695, 9.56527502768352), (218.760217789317, 284.171731607412, 11.5435038447774)]","[24.543318319755077, 27.304872369242368, 33.808249561390696, 14.55478949535824, 6.17558377887014]","[(124.443324702728, 130.013579874838, 11.2028532100689), (169.019976628944, 137.260261472924, 7.83119117345515), (187.683606111772, 179.569515719646, 11.4231569708715), (149.203803085176, 189.892288130046, 12.4017295966885), (190.812073040666, 136.95951116729, 11.1549686378541), (184.652386893842, 140.746306141239, 8.14767740054626), (162.772910953518, 127.319363899899, 9.09598252681236), (170.391364950013, 193.244229373871, 9.16249292935746)]","[100.20357052318445, 79.98155837570704, 35.12281275755633, 35.56859782577486, 76.93025939896962, 73.90346921233093, 90.96744788513199, 25.42231513384402]"
28,CT16,1,0010,8.18281114713,5,"[(206.962869203362, 251.352118122783, 8.19448862704092), (182.292062755754, 248.300400155049, 9.32233149770553), (192.911331557697, 256.344528462957, 8.39023389614082), (215.603528260618, 275.103552263695, 9.56527502768352), (218.760217789317, 284.171731607412, 11.5435038447774)]","[44.598264544978164, 48.124181261897164, 47.27183290983438, 37.31122187729073, 31.967812599549774]","[(124.443324702728, 130.013579874838, 11.2028532100689), (169.019976628944, 137.260261472924, 7.83119117345515), (187.683606111772, 179.569515719646, 11.4231569708715), (149.203803085176, 189.892288130046, 12.4017295966885), (190.812073040666, 136.95951116729, 11.1549686378541), (184.652386893842, 140.746306141239, 8.14767740054626), (162.772910953518, 127.319363899899, 9.09598252681236), (170.391364950013, 193.244229373871, 9.16249292935746)]","[71.81150196596539, 63.55295554187253, 20.075858150618153, 11.51692649738317, 62.36234977574332, 59.01696302252573, 73.88889410440301, 7.606342119766401]"
29,CT16,1,0013,5.28674708582,5,"[(124.443324702728, 130.013579874838, 11.2028532100689), (187.683606111772, 179.569515719646, 11.4231569708715), (149.203803085176, 189.892288130046, 12.4017295966885), (190.812073040666, 136.95951116729, 11.1549686378541), (165.887521636798, 166.086117111108, 15.7119656824586)]","[3.5696467293163576, 11.701726000889417, 2.489640998924048, 3.921708416500323, 31.3190576436228]","[(209.997618546828, 286.115404388141, 13.0549176022695), (204.558093853988, 139.693000588781, 15.506530579757), (218.760217789317, 284.171731607412, 11.5435038447774)]","[93.82684994007059, 8.14250409896817, 94.80132485246486]"
30,CT16,1,0013,8.03181322024,6,"[(124.443324702728, 130.013579874838, 11.2028532100689), (187.683606111772, 179.569515719646, 11.4231569708715), (149.203803085176, 189.892288130046, 12.4017295966885), (190.812073040666, 136.95951116729, 11.1549686378541), (204.558093853988, 139.693000588781, 15.506530579757), (165.887521636798, 166.086117111108, 15.7119656824586)]","[29.55788994963114, 28.666413116451288, 19.77485303399284, 19.785159622270292, 10.064086033051257, 42.90254470633444]","[(209.997618546828, 286.115404388141, 13.0549176022695), (218.760217789317, 284.171731607412, 11.5435038447774)]","[78.26901865061924, 77.39497092472855]"
31,CT16,10,0010,4.58677009846,4,"[(148.209836945521, 127.405364645288, 11.0468870176356), (132.969277043556, 115.887317306173, 12.8341396354405), (157.30791483307, 150.904513300595, 7.8601947422418), (115.757188532795, 139.810384821586, 9.43974702911828)]","[28.1334675679423, 18.525889872331973, 8.114091614966684, 4.600391930705581]","[(314.007717540482, 300.64022654368, 10.0273786662415)]",[206.65734457006351]
32,CT16,10,0010,7.63146721597,4,"[(148.209836945521, 127.405364645288, 11.0468870176356), (132.969277043556, 115.887317306173, 12.8341396354405), (157.30791483307, 150.904513300595, 7.8601947422418), (115.757188532795, 139.810384821586, 9.43974702911828)]","[45.29713976105951, 46.91662322058467, 20.826552123064808, 26.53434541752181]","[(314.007717540482, 300.64022654368, 10.0273786662415)]",[187.4100915771299]
33,CT16,10,0009,4.79596621609,2,"[(314.007717540482, 300.64022654368, 10.0273786662415), (327.295306470871, 295.647178955156, 6.42674374478362)]","[3.412085280003051, 7.43229199114216]","[(148.209836945521, 127.405364645288, 11.0468870176356), (157.30791483307, 150.904513300595, 7.8601947422418), (130.710822502439, 96.1422674574207, 6.58750473844016), (115.757188532795, 139.810384821586, 9.43974702911828)]","[236.33974335895005, 213.24901295412076, 271.2045659902491, 251.69111733118865]"
34,CT16,10,0009,7.63789457042,2,"[(314.007717540482, 300.64022654368, 10.0273786662415), (327.295306470871, 295.647178955156, 6.42674374478362)]","[26.46412736448426, 25.16612469837277]","[(148.209836945521, 127.405364645288, 11.0468870176356), (157.30791483307, 150.904513300595, 7.8601947422418), (130.710822502439, 96.1422674574207, 6.58750473844016), (115.757188532795, 139.810384821586, 9.43974702911828)]","[211.09617568824632, 187.82412178900293, 246.01915944073588, 225.36853697188673]"
35,CT16,12,0015,5.88679162762,6,"[(200.240390816256, 206.045814084286, 13.6588030881389), (263.636827722723, 212.655134818513, 16.8415067781427), (228.855410586554, 163.983216866134, 17.3853830728125), (188.594174256495, 201.185976214061, 16.3110486812591), (231.523347301253, 203.529999250142, 15.780136147247), (231.539277484171, 223.566368759996, 12.9280648435629)]","[20.766035396712972, 5.548373139112835, 3.0281643467236052, 12.22762429064786, 27.600077373073507, 28.07786048621312]","[(175.128260971007, 125.663864389534, 14.0747867762613), (148.805412779129, 110.724146132429, 13.1101143016229)]","[41.42752600539753, 65.92489617146839]"
36,CT16,12,0015,10.4179786641,6,"[(200.240390816256, 206.045814084286, 13.6588030881389), (263.636827722723, 212.655134818513, 16.8415067781427), (228.855410586554, 163.983216866134, 17.3853830728125), (188.594174256495, 201.185976214061, 16.3110486812591), (231.523347301253, 203.529999250142, 15.780136147247), (231.539277484171, 223.566368759996, 12.9280648435629)]","[41.404655077055075, 24.938271035219714, 14.156450096606878, 36.120667624744755, 43.92228447233624, 57.88359387269159]","[(175.128260971007, 125.663864389534, 14.0747867762613), (148.805412779129, 110.724146132429, 13.1101143016229)]","[6.6853458899222975, 24.88973387006699]"
37,CT16,14,0011,4.81102085559,3,"[(216.158023767849, 238.665581751364, 13.9254065424848), (235.127727445816, 242.584751405387, 10.2332749176529), (236.320962790016, 233.721715986589, 11.4695347646201)]","[12.808964429994294, 31.52219031202042, 23.377863074580343]","[(111.119007403933, 115.961750216034, 13.3219645099926), (113.15596961177, 89.0178735013534, 8.86405833623871), (107.724907419147, 76.5773459211345, 11.8255034906629)]","[144.08911756502894, 163.3370948355115, 176.57829524067748]"
38,CT16,14,0011,7.65883052478,3,"[(216.158023767849, 238.665581751364, 13.9254065424848), (235.127727445816, 242.584751405387, 10.2332749176529), (236.320962790016, 233.721715986589, 11.4695347646201)]","[41.91186802427215, 50.54259444817043, 42.17453370445488]","[(111.119007403933, 115.961750216034, 13.3219645099926), (113.15596961177, 89.0178735013534, 8.86405833623871), (107.724907419147, 76.5773459211345, 11.8255034906629)]","[117.85799361081435, 137.4923842796508, 150.70325842649635]"
39,CT16,11,0012,5.57956528273,3,"[(110.067686068614, 114.695806439392, 12.5357234230314), (54.4886280310854, 48.1097760930457, 11.4174020789937), (114.144797792607, 107.981959072805, 12.1732243152287)]","[4.056560986110245, 9.53434929681757, 3.9005170892650556]",[],[]
40,CT16,11,0012,9.30075657185,3,"[(110.067686068614, 114.695806439392, 12.5357234230314), (54.4886280310854, 48.1097760930457, 11.4174020789937), (114.144797792607, 107.981959072805, 12.1732243152287)]","[30.500234568708283, 36.6000251572463, 25.822349156377065]",[],[]
41,CT16,11,0022,5.15065279514,6,"[(240.339427609373, 178.348174446193, 19.6714602496796), (235.421422414714, 162.034128371696, 19.7970215840077), (258.19926991698, 189.779591296271, 19.5599063046159), (234.784246285225, 196.003004020233, 21.081429083904), (217.552988884034, 215.13963197754, 22.7763824687041), (265.038548976109, 202.005971236824, 20.4166806711649)]","[23.858106228846815, 13.72509729101108, 13.223998316380348, 30.336055522052146, 4.619955451362594, 5.314517455117427]","[(314.658338981432, 329.39087420736, 20.5538505961925), (298.346821327859, 275.488472837457, 20.5046064219481), (285.142134075514, 343.976376348549, 20.7926293331153), (323.282540998081, 313.630129053277, 19.5744763612551), (261.109166155983, 289.501555772689, 22.2305366888605), (272.297535783208, 285.217286443726, 20.2404470056079)]","[122.09157766830349, 69.03824190285187, 122.5671253228552, 114.48445646941518, 63.58439112951078, 62.94492066417988]"
42,CT16,11,0022,9.45006302077,6,"[(240.339427609373, 178.348174446193, 19.6714602496796), (235.421422414714, 162.034128371696, 19.7970215840077), (258.19926991698, 189.779591296271, 19.5599063046159), (234.784246285225, 196.003004020233, 21.081429083904), (217.552988884034, 215.13963197754, 22.7763824687041), (265.038548976109, 202.005971236824, 20.4166806711649)]","[52.37252258290177, 44.31564387804691, 35.762497242754236, 49.94089913032291, 32.834929540427495, 30.876150764773794]","[(314.658338981432, 329.39087420736, 20.5538505961925), (298.346821327859, 275.488472837457, 20.5046064219481), (285.142134075514, 343.976376348549, 20.7926293331153), (323.282540998081, 313.630129053277, 19.5744763612551), (261.109166155983, 289.501555772689, 22.2305366888605), (272.297535783208, 285.217286443726, 20.2404470056079)]","[101.12269469302272, 44.85528802325106, 99.30270129257843, 88.98938712958247, 39.94753406909281, 43.241098155668325]"
43,CT16,11,0021,5.24161070561,8,"[(314.658338981432, 329.39087420736, 20.5538505961925), (304.215827652441, 324.665070650531, 18.2226773574099), (298.346821327859, 275.488472837457, 20.5046064219481), (285.142134075514, 343.976376348549, 20.7926293331153), (323.282540998081, 313.630129053277, 19.5744763612551), (261.109166155983, 289.501555772689, 22.2305366888605), (272.297535783208, 285.217286443726, 20.2404470056079), (282.866839736744, 265.393549437693, 18.664378192922)]","[10.701256413606663, 21.604526924838165, 10.29664527840236, 3.959900421298206, 6.900682500354394, 4.152800683830302, 14.736354305855464, 2.145506092957023]","[(240.339427609373, 178.348174446193, 19.6714602496796), (235.421422414714, 162.034128371696, 19.7970215840077), (258.19926991698, 189.779591296271, 19.5599063046159), (234.784246285225, 196.003004020233, 21.081429083904), (217.552988884034, 215.13963197754, 22.7763824687041), (199.382807725184, 146.838667334043, 18.9309203637542), (265.038548976109, 202.005971236824, 20.4166806711649)]","[93.48034537027307, 110.40737203969893, 76.5297558507127, 79.4745897493985, 72.07036760648121, 139.1142353252298, 62.971324744463104]"
44,CT16,11,0021,8.79641426739,8,"[(314.658338981432, 329.39087420736, 20.5538505961925), (304.215827652441, 324.665070650531, 18.2226773574099), (298.346821327859, 275.488472837457, 20.5046064219481), (285.142134075514, 343.976376348549, 20.7926293331153), (323.282540998081, 313.630129053277, 19.5744763612551), (261.109166155983, 289.501555772689, 22.2305366888605), (272.297535783208, 285.217286443726, 20.2404470056079), (282.866839736744, 265.393549437693, 18.664378192922)]","[30.518827291980593, 39.965223314246664, 28.062351989246924, 29.452917983455436, 41.00587952939844, 34.377398092848125, 46.31319253753038, 31.753694390580183]","[(240.339427609373, 178.348174446193, 19.6714602496796), (235.421422414714, 162.034128371696, 19.7970215840077), (258.19926991698, 189.779591296271, 19.5599063046159), (234.784246285225, 196.003004020233, 21.081429083904), (217.552988884034, 215.13963197754, 22.7763824687041), (199.382807725184, 146.838667334043, 18.9309203637542), (265.038548976109, 202.005971236824, 20.4166806711649)]","[59.88179441121968, 76.86473023132349, 43.471004845663934, 46.73335911989931, 38.4611718012511, 107.07672600589325, 29.772207283231378]"
45,CT16,19,0009,5.36193282274,5,"[(138.796710161819, 215.53875843182, 11.4547548840835), (87.837601375284, 176.649228100965, 9.40321008641489), (117.612966347012, 198.037480611053, 11.603524265158), (96.3565699517494, 167.485402954594, 8.36324435151846), (105.178507185715, 160.563905290422, 8.33589466720596)]","[11.859212353648434, 5.339759709667284, 25.333415968845593, 11.180087177057132, 13.247475164975384]","[(205.904911934264, 265.621294526443, 10.2464852253616), (239.946135170269, 254.294243829735, 11.8489277476907), (82.1337047936874, 82.6584374680246, 9.43451168053596)]","[71.52918178063479, 95.34094230305662, 66.38390790859265]"
46,CT16,19,0009,10.2787166319,5,"[(138.796710161819, 215.53875843182, 11.4547548840835), (87.837601375284, 176.649228100965, 9.40321008641489), (117.612966347012, 198.037480611053, 11.603524265158), (96.3565699517494, 167.485402954594, 8.36324435151846), (105.178507185715, 160.563905290422, 8.33589466720596)]","[32.69683196595204, 42.383845474485526, 46.369064418232874, 34.41644286833954, 28.715679891076743]","[(205.904911934264, 265.621294526443, 10.2464852253616), (239.946135170269, 254.294243829735, 11.8489277476907), (82.1337047936874, 82.6584374680246, 9.43451168053596)]","[30.10793192035587, 43.08356253013517, 48.19770949051616]"
47,CT16,4,0010,4.57503795069,2,"[(384.697892759418, 448.229155364525, 12.0513695422322), (407.323351841768, 434.811660333925, 7.46519897538235)]","[0.8885088565360163, 25.163597953575223]","[(89.3801873598369, 78.5079436028167, 10.8359136160802), (67.761792484459, 86.0841775178271, 12.156893943548), (60.1963485818638, 53.2274660737795, 9.95323848424474), (79.165359899855, 46.594014139304, 7.93390364344736), (122.289928274394, 65.4099803960163, 12.9604512552502), (354.295393302036, 400.800413704354, 10.0108387459812)]","[426.83670805874965, 436.16328659987295, 465.17156466474194, 457.60852182207975, 415.9131808546901, 19.38630254242258]"
48,CT16,4,0010,7.80698154022,3,"[(384.697892759418, 448.229155364525, 12.0513695422322), (354.295393302036, 400.800413704354, 10.0108387459812), (407.323351841768, 434.811660333925, 7.46519897538235)]","[18.50489570248832, 1.628746066636211, 42.26459008759572]","[(89.3801873598369, 78.5079436028167, 10.8359136160802), (67.761792484459, 86.0841775178271, 12.156893943548), (60.1963485818638, 53.2274660737795, 9.95323848424474), (79.165359899855, 46.594014139304, 7.93390364344736), (122.289928274394, 65.4099803960163, 12.9604512552502)]","[399.2360519035123, 408.5820314231148, 437.5692307638188, 430.0304895071639, 388.43223693386255]"
49,CT16,4,0014,4.64470118014,3,"[(102.875240457231, 99.4583403561949, 16.2175595038525), (67.761792484459, 86.0841775178271, 12.156893943548), (122.289928274394, 65.4099803960163, 12.9604512552502)]","[23.197533717851027, 0.7300140295596709, 4.484588513045813]","[(384.697892759418, 448.229155364525, 12.0513695422322), (413.324185379409, 403.547188646831, 16.1853033233536)]","[417.97819655819086, 404.4992944608982]"
50,CT16,4,0014,7.53108128923,3,"[(102.875240457231, 99.4583403561949, 16.2175595038525), (67.761792484459, 86.0841775178271, 12.156893943548), (122.289928274394, 65.4099803960163, 12.9604512552502)]","[34.16424068368944, 22.791879922530846, 23.836890895618115]","[(384.697892759418, 448.229155364525, 12.0513695422322), (413.324185379409, 403.547188646831, 16.1853033233536)]","[394.6351513735323, 377.09962485266584]"
51,CT16,15,0014,5.5882125673,4,"[(399.714033212456, 430.532602163534, 16.7497502172095), (401.249515678182, 442.438966417461, 12.2153601560388), (396.455529032207, 470.264107680997, 14.3330616645306), (413.334994821806, 451.190444394142, 11.7647874905674)]","[22.035607376919298, 24.296237278724018, 8.600825557496526, 14.284257453137348]","[(137.799961832416, 121.094005474201, 13.1840138604311), (256.974478592972, 259.207173604874, 14.0476851792858), (279.833584712989, 266.043419988177, 11.7254463435725), (106.499857314216, 127.000481045759, 15.2063137181044), (160.335569390743, 171.416085472085, 12.5710659028887), (123.909009306741, 95.8060857959454, 11.9485563172491)]","[346.404721935025, 164.4770834425854, 146.61360180237105, 362.0739459107851, 293.1432485045569, 374.92100257659365]"
52,CT16,15,0014,10.03817428,4,"[(399.714033212456, 430.532602163534, 16.7497502172095), (401.249515678182, 442.438966417461, 12.2153601560388), (396.455529032207, 470.264107680997, 14.3330616645306), (413.334994821806, 451.190444394142, 11.7647874905674)]","[60.520315310025346, 49.07904018079303, 20.962676671460788, 40.811530240496296]","[(137.799961832416, 121.094005474201, 13.1840138604311), (256.974478592972, 259.207173604874, 14.0476851792858), (279.833584712989, 266.043419988177, 11.7254463435725), (106.499857314216, 127.000481045759, 15.2063137181044), (160.335569390743, 171.416085472085, 12.5710659028887), (123.909009306741, 95.8060857959454, 11.9485563172491)]","[309.17090833245993, 127.43039628118021, 110.31351777275415, 324.8397033032199, 255.8779353377417, 337.70972858800525]"
53,CT16,15,0013,6.05744601053,3,"[(137.799961832416, 121.094005474201, 13.1840138604311), (106.499857314216, 127.000481045759, 15.2063137181044), (123.909009306741, 95.8060857959454, 11.9485563172491)]","[20.8151397011174, 28.609646525574302, 20.257330552555846]","[(256.974478592972, 259.207173604874, 14.0476851792858), (401.249515678182, 442.438966417461, 12.2153601560388), (396.455529032207, 470.264107680997, 14.3330616645306), (413.334994821806, 451.190444394142, 11.7647874905674), (279.833584712989, 266.043419988177, 11.7254463435725), (160.335569390743, 171.416085472085, 12.5710659028887)]","[154.31621319325575, 387.07884095645187, 405.71698922227654, 401.59582550724156, 175.4800614342386, 25.244334397687894]"
54,CT16,15,0013,11.4014787217,4,"[(137.799961832416, 121.094005474201, 13.1840138604311), (106.499857314216, 127.000481045759, 15.2063137181044), (160.335569390743, 171.416085472085, 12.5710659028887), (123.909009306741, 95.8060857959454, 11.9485563172491)]","[55.4831596064438, 56.47190890777884, 21.770163328775457, 55.847261140280146]","[(256.974478592972, 259.207173604874, 14.0476851792858), (401.249515678182, 442.438966417461, 12.2153601560388), (396.455529032207, 470.264107680997, 14.3330616645306), (413.334994821806, 451.190444394142, 11.7647874905674), (279.833584712989, 266.043419988177, 11.7254463435725)]","[105.92480374303888, 334.9758385414193, 351.99562304951365, 349.72001049103636, 128.4460867149687]"
55,CT16,2,0013,5.30627800617,2,"[(376.187199435356, 408.830034775172, 11.4536062499452), (358.957069876965, 381.585228520446, 10.8906532338261)]","[10.14655920966282, 7.557119310949433]","[(206.129570526897, 122.094710671029, 11.6475074580049), (343.101548659711, 370.520059192453, 13.4998940103748), (227.989325070071, 124.804786945814, 15.37687347423), (303.327599086345, 281.172968609383, 15.0656920703373), (331.108986058462, 275.632807547385, 13.2778692911327), (203.472705436054, 119.975414426313, 11.7049328239417)]","[285.81094761411384, 5.943250592723743, 272.71376892693775, 99.39262518155371, 91.72167069922524, 289.00241350394293]"
56,CT16,2,0013,9.56548723812,3,"[(343.101548659711, 370.520059192453, 13.4998940103748), (376.187199435356, 408.830034775172, 11.4536062499452), (358.957069876965, 381.585228520446, 10.8906532338261)]","[24.552002650670076, 29.985710603092418, 28.809315452825253]","[(206.129570526897, 122.094710671029, 11.6475074580049), (227.989325070071, 124.804786945814, 15.37687347423), (303.327599086345, 281.172968609383, 15.0656920703373), (331.108986058462, 275.632807547385, 13.2778692911327), (203.472705436054, 119.975414426313, 11.7049328239417)]","[233.82359168394746, 221.1508199366006, 47.70435939457493, 41.27765044205502, 236.94937442757544]"
57,CT16,2,0009,5.64492841834,4,"[(318.763292287738, 257.91186831329, 9.09324445649338), (313.302607611405, 299.177759773761, 7.5681050447142), (302.148604084822, 230.574812427952, 7.75711087260981), (320.23201822125, 229.776941710427, 7.90525588244464)]","[26.954984791604964, 14.663470677567505, 4.917716014817629, 4.477134117291415]","[(206.129570526897, 122.094710671029, 11.6475074580049), (238.156015835384, 259.713673906337, 8.91882695547607), (376.187199435356, 408.830034775172, 11.4536062499452), (203.472705436054, 119.975414426313, 11.7049328239417), (358.957069876965, 381.585228520446, 10.8906532338261)]","[132.1005922825412, 27.795112855972626, 102.9787031082605, 135.36768324618106, 71.1080503655519]"
58,CT16,2,0009,9.05247305938,5,"[(318.763292287738, 257.91186831329, 9.09324445649338), (238.156015835384, 259.713673906337, 8.91882695547607), (313.302607611405, 299.177759773761, 7.5681050447142), (302.148604084822, 230.574812427952, 7.75711087260981), (320.23201822125, 229.776941710427, 7.90525588244464)]","[39.34814290911434, 7.918744592310731, 41.72208149755247, 37.34612566927073, 22.424135108485427]","[(206.129570526897, 122.094710671029, 11.6475074580049), (376.187199435356, 408.830034775172, 11.4536062499452), (203.472705436054, 119.975414426313, 11.7049328239417), (358.957069876965, 381.585228520446, 10.8906532338261)]","[77.73477347712169, 80.03967405985148, 80.98503910197333, 47.85140254667568]"
59,CT16,16,0008,4.61112458678,5,"[(102.7474903026, 50.4094207648238, 6.63382340298001), (96.7763936519031, 88.1276625151511, 5.25886548481367), (64.4942803079958, 61.4800073684817, 6.38713369037727), (89.0340294564195, 105.798360685576, 7.9124733592498), (77.9389355678813, 96.0180202630629, 7.5861785886727)]","[3.320514066529973, 22.26896557481279, 8.743144941222303, 3.7525416796903333, 8.301393049353733]","[(205.871504109633, 165.482468821797, 6.17425112814383), (208.785325064129, 188.230107660557, 5.04045606986969)]","[102.87974812068417, 119.02900436368184]"
60,CT16,16,0008,7.00292379398,5,"[(102.7474903026, 50.4094207648238, 6.63382340298001), (96.7763936519031, 88.1276625151511, 5.25886548481367), (64.4942803079958, 61.4800073684817, 6.38713369037727), (89.0340294564195, 105.798360685576, 7.9124733592498), (77.9389355678813, 96.0180202630629, 7.5861785886727)]","[17.019796902383444, 33.17071917366005, 29.150255773313788, 14.349728823769464, 21.630470964645525]","[(205.871504109633, 165.482468821797, 6.17425112814383), (208.785325064129, 188.230107660557, 5.04045606986969)]","[87.72382785603912, 104.93582711639202]"
61,CT16,16,0019,4.64525873385,3,"[(346.252483533202, 385.767774991713, 16.9473048643406), (355.970625473644, 410.995484912333, 21.0271639621235), (358.207849681932, 445.614402862147, 19.549612804799)]","[0.5586522050596937, 25.37641289818123, 5.68167007062087]",[],[]
62,CT16,16,0019,7.86514967797,3,"[(346.252483533202, 385.767774991713, 16.9473048643406), (355.970625473644, 410.995484912333, 21.0271639621235), (358.207849681932, 445.614402862147, 19.549612804799)]","[33.951520017605354, 47.100751097764544, 14.399879590443657]",[],[]
63,CT16,5,0029,6.09322849286,3,"[(394.770719848726, 308.476174754241, 27.2671402039608), (323.610106139388, 277.250570274983, 27.2621987117209), (357.605773806929, 301.081504446567, 26.7819752916954)]","[9.525791653072158, 5.1910233538312625, 4.707579894775078]",[],[]
64,CT16,5,0029,9.1634432042,3,"[(394.770719848726, 308.476174754241, 27.2671402039608), (323.610106139388, 277.250570274983, 27.2621987117209), (357.605773806929, 301.081504446567, 26.7819752916954)]","[29.573908711859932, 24.103141417409805, 18.316672649308252]",[],[]
65,CT16,5,0021,5.08168295352,3,"[(146.872854325409, 131.592240675105, 20.1475363538904), (222.330665088835, 160.398340002123, 19.8391377254952), (175.013087285057, 148.122729414071, 19.8423972404864)]","[6.261509335457257, 4.628169899110405, 25.72534963410086]","[(364.493987095113, 271.744112628926, 23.880403302627), (385.013361560929, 325.503462288969, 23.0910456219014)]","[143.119072306233, 191.72541127485894]"
66,CT16,5,0021,7.58155795507,3,"[(146.872854325409, 131.592240675105, 20.1475363538904), (222.330665088835, 160.398340002123, 19.8391377254952), (175.013087285057, 148.122729414071, 19.8423972404864)]","[36.91535532667152, 13.943474682193608, 38.13195420434164]","[(364.493987095113, 271.744112628926, 23.880403302627), (385.013361560929, 325.503462288969, 23.0910456219014)]","[129.02335167623428, 180.34197046602495]"
67,CT4,11,0012,5.65770782218,3,"[(263.645270499242, 188.861862562941, 14.8115570965525), (279.186972733952, 140.870185933221, 11.3972266221563), (301.080976398383, 172.725581582246, 14.1499347031485)]","[28.317242024344836, 7.6643942778477845, 14.361580709216833]",[],[]
68,CT4,11,0012,10.3608035183,3,"[(263.645270499242, 188.861862562941, 14.8115570965525), (279.186972733952, 140.870185933221, 11.3972266221563), (301.080976398383, 172.725581582246, 14.1499347031485)]","[66.54413321059275, 33.76424798254113, 44.933131874218645]",[],[]
69,CT4,19,0010,5.67411757962,2,"[(259.054911110134, 140.51923128427, 7.41605137442604), (231.448121634525, 171.170461052574, 8.74784043739477)]","[30.11287288719563, 8.979488379352677]","[(299.064139864873, 69.8920471987548, 12.9415144928097), (342.010891857257, 91.9203102324418, 11.3221424530822), (311.165314613587, 43.7505209804568, 12.0326488282941)]","[44.585288181948066, 53.50051318399042, 73.32095597546068]"
70,CT4,19,0010,9.89386165587,2,"[(259.054911110134, 140.51923128427, 7.41605137442604), (231.448121634525, 171.170461052574, 8.74784043739477)]","[61.951759236632384, 27.379134696062867]","[(299.064139864873, 69.8920471987548, 12.9415144928097), (342.010891857257, 91.9203102324418, 11.3221424530822), (311.165314613587, 43.7505209804568, 12.0326488282941)]","[15.12081315676281, 17.27270469133238, 43.92122616367624]"
71,CT4,19,0016,5.83390726526,5,"[(260.31233341447, 74.8136904851744, 14.0561577975861), (250.729185743552, 83.6953187972693, 15.3867231847059), (308.962364604042, 108.957168991783, 13.9771599254849), (274.228408122158, 96.9048678248977, 13.3903844815233), (340.708298865264, 79.4988202107104, 13.2676789527871)]","[14.615713013189215, 1.6973211533313939, 0.45067783094612834, 4.943262658180999, 6.005721354977378]",[],[]
72,CT4,19,0016,8.95009538427,5,"[(260.31233341447, 74.8136904851744, 14.0561577975861), (250.729185743552, 83.6953187972693, 15.3867231847059), (308.962364604042, 108.957168991783, 13.9771599254849), (274.228408122158, 96.9048678248977, 13.3903844815233), (340.708298865264, 79.4988202107104, 13.2676789527871)]","[27.86765453483273, 15.58446440230939, 31.94080535822536, 26.515700551204173, 31.257865585123206]",[],[]
73,CT4,24,0010,5.56937259496,2,"[(246.337984857038, 270.311961623977, 8.5763983759134), (179.359805415066, 265.123204374116, 10.4612315581488)]","[5.798872373330457, 8.068858219544898]","[(283.553180793437, 258.397034724027, 8.0629157325299)]",[28.554201162143258]
74,CT4,24,0010,10.5539353421,3,"[(246.337984857038, 270.311961623977, 8.5763983759134), (283.553180793437, 258.397034724027, 8.0629157325299), (179.359805415066, 265.123204374116, 10.4612315581488)]","[23.886155973369117, 16.584763763192907, 27.244427116248268]",[],[]
75,CT4,24,0019,5.61417400859,8,"[(90.280206649513, 313.302985008436, 17.8494329743054), (135.924539807385, 318.402376960804, 19.1321992163269), (90.2156101464725, 340.199548895338, 18.0885634436641), (131.413881368994, 298.229224201687, 19.5136080840142), (63.1963564957299, 325.844408155148, 16.2514634673354), (62.8061701120285, 328.850069838807, 17.0227194515834), (91.8586747367276, 287.451075916707, 16.2539995148133), (92.3474770332592, 351.709377883992, 20.4382999254199)]","[31.926972105533306, 5.73830014050567, 21.22668617340991, 3.1317511091031136, 10.045475389223842, 9.552951811097357, 6.944317257455804, 9.658999695295897]","[(243.421570626881, 154.65099604824, 16.392409997387), (312.5463546996, 150.698503486717, 19.2209003791841), (278.006084401674, 150.7114706406, 16.7069041760598), (52.5717388357256, 360.157039565499, 20.4515770956603)]","[177.81144523994624, 229.78008219480787, 203.93886547893771, 10.536202174004508]"
76,CT4,24,0019,9.11790909737,9,"[(90.280206649513, 313.302985008436, 17.8494329743054), (135.924539807385, 318.402376960804, 19.1321992163269), (90.2156101464725, 340.199548895338, 18.0885634436641), (131.413881368994, 298.229224201687, 19.5136080840142), (63.1963564957299, 325.844408155148, 16.2514634673354), (62.8061701120285, 328.850069838807, 17.0227194515834), (91.8586747367276, 287.451075916707, 16.2539995148133), (92.3474770332592, 351.709377883992, 20.4382999254199), (52.5717388357256, 360.157039565499, 20.4515770956603)]","[51.97688459931416, 41.640086596305764, 25.430679717308582, 36.122240609979194, 37.215853269137604, 36.08761468110983, 26.18238079283553, 13.748143421364922, 12.161068514194094]","[(243.421570626881, 154.65099604824, 16.392409997387), (312.5463546996, 150.698503486717, 19.2209003791841), (278.006084401674, 150.7114706406, 16.7069041760598)]","[129.00869101468575, 178.5140440198134, 153.29861504628812]"
77,CT4,15,0009,5.21543089086,2,"[(141.382667141726, 167.367872532715, 7.85684975970618), (191.213996564011, 205.42674283182, 7.18345151182687)]","[6.634527665129947, 7.2868716120311685]",[],[]
78,CT4,15,0009,8.13755206388,2,"[(141.382667141726, 167.367872532715, 7.85684975970618), (191.213996564011, 205.42674283182, 7.18345151182687)]","[31.28606625978028, 19.26603510197785]",[],[]
79,CT4,15,0017,4.90248522942,3,"[(254.858065849782, 197.048052906391, 16.478679710145), (284.831862428399, 165.812826166173, 19.8121782884915), (253.739125058378, 210.176174130139, 17.1399745423593)]","[20.845781942298263, 4.135067459875638, 8.650281469610485]",[],[]
80,CT4,15,0017,7.59040742212,3,"[(254.858065849782, 197.048052906391, 16.478679710145), (284.831862428399, 165.812826166173, 19.8121782884915), (253.739125058378, 210.176174130139, 17.1399745423593)]","[40.19600408511739, 33.54018321442221, 33.003900242661445]",[],[]
81,CT4,3,0008,5.8383325919,5,"[(196.760642139364, 161.883839618726, 5.49571043646173), (191.558038499492, 252.180264747071, 8.05986029271753), (220.280253237737, 188.38372405651, 9.50374915124036), (205.606381489293, 198.195009997392, 6.9911873418153), (174.679620060773, 210.007573729849, 6.492726007577)]","[5.435966538223762, 3.82773856478255, 3.5518244353290234, 18.689326076063736, 26.14776817028916]",[],[]
82,CT4,3,0008,12.0403754079,5,"[(196.760642139364, 161.883839618726, 5.49571043646173), (191.558038499492, 252.180264747071, 8.05986029271753), (220.280253237737, 188.38372405651, 9.50374915124036), (205.606381489293, 198.195009997392, 6.9911873418153), (174.679620060773, 210.007573729849, 6.492726007577)]","[55.86389431811375, 24.441540307420194, 24.94922326712912, 35.49819648349933, 60.69078129724334]",[],[]
83,CT4,25,0014,5.99029785126,5,"[(89.4193623397852, 250.308770367139, 13.4544626900453), (134.11060383464, 261.211799282897, 14.3661095230307), (123.486784331747, 252.76202251954, 14.5424069241287), (84.6805476707462, 296.820497969832, 13.5565219639175), (94.8368212376255, 283.609667527827, 12.361557461257)]","[26.94511916848374, 5.233447729550482, 13.019710784251277, 19.410772310105834, 34.457190555448946]","[(225.309419055888, 172.985002686358, 13.5562864662656), (189.758624046998, 176.176264118789, 12.96482134797), (345.19585043573, 99.873788451104, 11.5567703855333), (198.394454665581, 162.728267034957, 12.0290311825623), (215.353125747727, 153.317292635303, 11.4912849808116)]","[115.59742999594425, 87.38607975477606, 255.5707096661865, 103.00245789073125, 121.64792217528924]"
84,CT4,25,0014,11.018219448,5,"[(89.4193623397852, 250.308770367139, 13.4544626900453), (134.11060383464, 261.211799282897, 14.3661095230307), (123.486784331747, 252.76202251954, 14.5424069241287), (84.6805476707462, 296.820497969832, 13.5565219639175), (94.8368212376255, 283.609667527827, 12.361557461257)]","[57.231744890190726, 41.596525330420214, 53.339804175544444, 45.5757187541615, 58.34629573300101]","[(225.309419055888, 172.985002686358, 13.5562864662656), (189.758624046998, 176.176264118789, 12.96482134797), (345.19585043573, 99.873788451104, 11.5567703855333), (198.394454665581, 162.728267034957, 12.0290311825623), (215.353125747727, 153.317292635303, 11.4912849808116)]","[58.45405151359067, 27.923377272017017, 198.67060441398954, 43.827940199422684, 62.04833976027006]"
85,CT4,25,0011,4.72708079335,5,"[(225.309419055888, 172.985002686358, 13.5562864662656), (216.666772849024, 194.589579304358, 8.55379891193627), (189.758624046998, 176.176264118789, 12.96482134797), (198.394454665581, 162.728267034957, 12.0290311825623), (215.353125747727, 153.317292635303, 11.4912849808116)]","[29.19527253576507, 19.24029812500804, 1.2358466152587415, 2.843746439961954, 7.868215991352893]","[(89.4193623397852, 250.308770367139, 13.4544626900453), (346.131551377518, 52.3128934331387, 8.23289025794932), (87.3003042935404, 321.045282096504, 10.8793634614774), (345.19585043573, 99.873788451104, 11.5567703855333), (84.6805476707462, 296.820497969832, 13.5565219639175), (94.8368212376255, 283.609667527827, 12.361557461257), (351.725200216512, 101.303243692161, 8.2049131015433)]","[117.71108215890874, 131.05923653039613, 160.86243965212918, 102.54889600811983, 146.84090034163836, 130.7819815146398, 107.45514296097394]"
86,CT4,25,0011,7.84803174861,5,"[(225.309419055888, 172.985002686358, 13.5562864662656), (216.666772849024, 194.589579304358, 8.55379891193627), (189.758624046998, 176.176264118789, 12.96482134797), (198.394454665581, 162.728267034957, 12.0290311825623), (215.353125747727, 153.317292635303, 11.4912849808116)]","[50.67198302600889, 39.5552905475843, 14.992477818869876, 25.084637889616666, 42.65556213874661]","[(89.4193623397852, 250.308770367139, 13.4544626900453), (346.131551377518, 52.3128934331387, 8.23289025794932), (87.3003042935404, 321.045282096504, 10.8793634614774), (345.19585043573, 99.873788451104, 11.5567703855333), (84.6805476707462, 296.820497969832, 13.5565219639175), (94.8368212376255, 283.609667527827, 12.361557461257), (351.725200216512, 101.303243692161, 8.2049131015433)]","[95.55518978769385, 107.02624974424567, 129.95513734143915, 71.65659831755124, 119.45841469894054, 104.42185145734899, 76.02786250424629]"
87,CT4,10,0010,5.74043107076,6,"[(254.618392458931, 236.255574766463, 9.55531668724499), (232.539441332739, 203.964629623433, 8.24412319879479), (203.166459143278, 171.569242262333, 10.119496211026), (227.653805731051, 218.887193383357, 11.8041928890993), (196.043426249264, 214.607345052871, 12.3384281363564), (251.264530599882, 211.415950740027, 9.26796855169709)]","[4.472953646704189, 26.066766098671508, 14.990325135319997, 24.897728951332734, 13.631345492077003, 10.402152461749388]","[(364.111935968858, 358.006708296817, 11.6555835595531), (359.819805586794, 355.863288931293, 11.2610063415699), (396.39009925089, 371.122184940736, 8.55382952210718), (398.739109265821, 349.424210641191, 10.2885477630068)]","[158.52412174600832, 154.11961176760417, 190.12638191955247, 177.35703737246226]"
88,CT4,10,0010,10.7929288182,6,"[(254.618392458931, 236.255574766463, 9.55531668724499), (232.539441332739, 203.964629623433, 8.24412319879479), (203.166459143278, 171.569242262333, 10.119496211026), (227.653805731051, 218.887193383357, 11.8041928890993), (196.043426249264, 214.607345052871, 12.3384281363564), (251.264530599882, 211.415950740027, 9.26796855169709)]","[26.428007379676746, 51.67861164791324, 40.35672421378596, 52.40723681980399, 31.109121663758952, 35.615286985525884]","[(364.111935968858, 358.006708296817, 11.6555835595531), (359.819805586794, 355.863288931293, 11.2610063415699), (396.39009925089, 371.122184940736, 8.55382952210718), (398.739109265821, 349.424210641191, 10.2885477630068)]","[104.72700107550094, 99.95178131678736, 139.12311576537172, 129.92955204584266]"
89,CT4,10,0013,6.33965726068,3,"[(364.111935968858, 358.006708296817, 11.6555835595531), (359.819805586794, 355.863288931293, 11.2610063415699), (398.739109265821, 349.424210641191, 10.2885477630068)]","[20.799510586251824, 17.790895388639623, 32.287438870363395]","[(209.910905390817, 244.146278312193, 14.0147420511404), (203.166459143278, 171.569242262333, 10.119496211026), (227.653805731051, 218.887193383357, 11.8041928890993), (196.043426249264, 214.607345052871, 12.3384281363564)]","[146.78787190496666, 195.3744248170141, 145.47404584418723, 173.59425834643199]"
90,CT4,10,0013,10.9215135891,3,"[(364.111935968858, 358.006708296817, 11.6555835595531), (359.819805586794, 355.863288931293, 11.2610063415699), (398.739109265821, 349.424210641191, 10.2885477630068)]","[52.841367750387434, 50.52463650131665, 51.111342739547766]","[(209.910905390817, 244.146278312193, 14.0147420511404), (203.166459143278, 171.569242262333, 10.119496211026), (227.653805731051, 218.887193383357, 11.8041928890993), (196.043426249264, 214.607345052871, 12.3384281363564)]","[98.13875643522584, 148.52716857916596, 97.32960777930676, 124.81423236676719]"
91,CT4,23,0019,4.55909617291,1,"[(267.968977173353, 258.040793945839, 16.9784820473194)]",[4.273640400168174],"[(109.525900617357, 123.977896083593, 17.9412757289393), (114.583895688269, 179.101225133092, 19.1350718840617), (120.731771999594, 168.143235996852, 18.1672873788893), (157.346182586339, 186.847409956201, 17.2687993125498)]","[196.4547296774596, 153.7919745180082, 156.4102952254624, 117.57581018493492]"
92,CT4,23,0019,7.86414040754,1,"[(267.968977173353, 258.040793945839, 16.9784820473194)]",[14.224817213831843],"[(109.525900617357, 123.977896083593, 17.9412757289393), (114.583895688269, 179.101225133092, 19.1350718840617), (120.731771999594, 168.143235996852, 18.1672873788893), (157.346182586339, 186.847409956201, 17.2687993125498)]","[158.8480066941438, 114.36049891779342, 117.50909172007455, 79.94191646821072]"
93,CT4,23,0010,4.57493034273,4,"[(112.867901555837, 85.1477924762005, 9.94652784562398), (118.061572333031, 105.376293087137, 11.8417161907436), (122.878010560338, 129.79724516367, 12.2708116230234), (140.352448271868, 115.754790008103, 7.20178661129723)]","[6.1287337743113435, 21.376365980480156, 15.597667916854052, 0.30628458495069677]",[],[]
94,CT4,23,0010,7.43675833603,4,"[(112.867901555837, 85.1477924762005, 9.94652784562398), (118.061572333031, 105.376293087137, 11.8417161907436), (122.878010560338, 129.79724516367, 12.2708116230234), (140.352448271868, 115.754790008103, 7.20178661129723)]","[28.357538037145776, 36.9807242217006, 28.661758081770053, 27.050183027732196]",[],[]
95,CT4,20,0021,5.3907554609,4,"[(115.2708650622, 78.4946128519839, 22.6527970507908), (144.360110964831, 84.004989654246, 19.5749841911378), (133.464516931039, 86.8944718094038, 21.1544700471997), (109.939165563293, 67.1696681680729, 23.6886697414124)]","[30.812046855082276, 22.307939506178105, 23.294487287270393, 29.391691832317118]",[],[]
96,CT4,20,0021,8.67341452068,4,"[(115.2708650622, 78.4946128519839, 22.6527970507908), (144.360110964831, 84.004989654246, 19.5749841911378), (133.464516931039, 86.8944718094038, 21.1544700471997), (109.939165563293, 67.1696681680729, 23.6886697414124)]","[53.09509560413885, 45.22003562985824, 47.83856373288512, 43.72230311068362]",[],[]
97,CT4,9,0008,4.84258992371,5,"[(105.930755870701, 209.50701489466, 10.5100284226884), (136.793426414932, 191.062515629624, 9.52421716401961), (140.747720829944, 210.092646150611, 8.56070905527079), (130.580542538758, 215.055933741831, 10.1043664102069), (154.014290937765, 171.461697247382, 6.22241186585091)]","[5.755681783711506, 20.366513671511395, 4.438533221991567, 4.370792718635314, 10.160335271423033]",[],[]
98,CT4,9,0008,9.07076725754,5,"[(105.930755870701, 209.50701489466, 10.5100284226884), (136.793426414932, 191.062515629624, 9.52421716401961), (140.747720829944, 210.092646150611, 8.56070905527079), (130.580542538758, 215.055933741831, 10.1043664102069), (154.014290937765, 171.461697247382, 6.22241186585091)]","[23.367139313232336, 46.56281353112121, 27.527222786767094, 27.67346761971596, 54.97930290422291]",[],[]
99,CT4,16,0008,5.34987756034,3,"[(64.5472707506576, 124.718757160559, 5.9906949879252), (80.3308922006434, 115.748799755013, 6.84263045004469), (104.439503383289, 105.300849035881, 6.46787714125555)]","[4.8252033089208295, 20.73625543300506, 10.877986858345558]","[(228.726111537853, 184.443176577024, 6.11775499245026), (275.976333693244, 199.20233880423, 9.92430877171895), (241.845994581095, 186.040694356563, 7.56837867409034)]","[134.71795384233795, 183.73915852234936, 147.2254737277727]"
100,CT4,16,0008,8.87562466012,3,"[(64.5472707506576, 124.718757160559, 5.9906949879252), (80.3308922006434, 115.748799755013, 6.84263045004469), (104.439503383289, 105.300849035881, 6.46787714125555)]","[17.945071390376413, 36.001598232834, 35.796072382463734]","[(228.726111537853, 184.443176577024, 6.11775499245026), (275.976333693244, 199.20233880423, 9.92430877171895), (241.845994581095, 186.040694356563, 7.56837867409034)]","[76.59517137033896, 125.94589754130415, 89.74103505445807]"
101,CT4,16,0007,4.20917350103,0,[],[],"[(228.726111537853, 184.443176577024, 6.11775499245026), (275.976333693244, 199.20233880423, 9.92430877171895), (64.5472707506576, 124.718757160559, 5.9906949879252), (80.3308922006434, 115.748799755013, 6.84263045004469), (241.845994581095, 186.040694356563, 7.56837867409034), (104.439503383289, 105.300849035881, 6.46787714125555)]","[71.81862013897303, 110.89950102761283, 88.01576743261325, 70.3425272741205, 79.56458653942832, 44.26471521567058]"
102,CT4,16,0007,7.12568346785,0,[],[],"[(228.726111537853, 184.443176577024, 6.11775499245026), (275.976333693244, 199.20233880423, 9.92430877171895), (64.5472707506576, 124.718757160559, 5.9906949879252), (80.3308922006434, 115.748799755013, 6.84263045004469), (241.845994581095, 186.040694356563, 7.56837867409034), (104.439503383289, 105.300849035881, 6.46787714125555)]","[31.85247387292101, 74.72778033187795, 78.69248399383393, 60.80962055687907, 41.75292197956465, 34.59391017447542]"
103,CT4,1,0011,4.51640973111,2,"[(126.818344135279, 152.029671107323, 9.53069638107305), (82.4213557414952, 177.002862214921, 13.6072114553996)]","[3.9458506983944157, 3.1473044949805753]","[(44.8577718779315, 120.0840524978, 12.0625438985454), (362.760569493519, 302.133213209397, 12.6114356597306)]","[7.251458037019685, 266.8886344029424]"
104,CT4,1,0011,6.89018924988,3,"[(126.818344135279, 152.029671107323, 9.53069638107305), (82.4213557414952, 177.002862214921, 13.6072114553996), (44.8577718779315, 120.0840524978, 12.0625438985454)]","[15.882637771980322, 11.454826266808189, 10.461285883811623]","[(362.760569493519, 302.133213209397, 12.6114356597306)]",[251.93971978460442]
105,CT4,1,0017,4.44319229161,4,"[(336.37571581842, 237.503603933925, 14.2912817439589), (306.280249665217, 259.016190150117, 14.7185237269914), (351.122048231906, 258.076874260039, 19.6649257877262), (318.819048731952, 241.741229657656, 16.9929613659886)]","[4.318558631516991, 7.4931727580546035, 13.371256946367192, 7.848855746225869]","[(124.420148128524, 139.616720547079, 18.0928465168907), (99.859197689227, 181.246687224163, 14.181956145019)]","[207.2565586000878, 211.84035715173496]"
106,CT4,1,0017,7.24893640751,4,"[(336.37571581842, 237.503603933925, 14.2912817439589), (306.280249665217, 259.016190150117, 14.7185237269914), (351.122048231906, 258.076874260039, 19.6649257877262), (318.819048731952, 241.741229657656, 16.9929613659886)]","[24.170265332477776, 26.8350023037841, 33.979386441026044, 31.4834707702907]","[(124.420148128524, 139.616720547079, 18.0928465168907), (99.859197689227, 181.246687224163, 14.181956145019)]","[176.52450059849247, 191.44219958727007]"
107,CT4,2,0008,6.25684967854,7,"[(159.007471969681, 145.112349412277, 6.96530647482919), (188.481809838466, 161.35477720553, 6.8262028630679), (170.193991109783, 177.708032520441, 5.04666238486077), (139.966017728932, 196.495201602915, 8.0740899321779), (129.941552002385, 176.775606182978, 5.59165206871935), (157.776004834473, 178.80138221136, 7.9772732384543), (137.396137612352, 180.180780910594, 8.08745465803804)]","[6.496695861787902, 33.63341979625733, 37.533409018267626, 8.983199770966161, 1.149711506808393, 27.82016019991065, 9.161121976065616]",[],[]
108,CT4,2,0008,10.3070703817,7,"[(159.007471969681, 145.112349412277, 6.96530647482919), (188.481809838466, 161.35477720553, 6.8262028630679), (170.193991109783, 177.708032520441, 5.04666238486077), (139.966017728932, 196.495201602915, 8.0740899321779), (129.941552002385, 176.775606182978, 5.59165206871935), (157.776004834473, 178.80138221136, 7.9772732384543), (137.396137612352, 180.180780910594, 8.08745465803804)]","[33.65442558747369, 62.708116276678766, 58.321289748252525, 32.99972705029194, 20.114775512819044, 46.99984342949974, 28.280950505832646]",[],[]
109,CT4,5,0008,5.73163235269,2,"[(258.058915319204, 163.424779343584, 5.10673787706732), (268.316393900704, 205.885671564478, 9.83651247592258)]","[25.194474182755023, 11.523522258982341]","[(208.452582623493, 234.274774442492, 10.5508726335855), (189.830552236696, 299.383274251915, 7.42424084876405)]","[24.788432098129793, 86.27835614710061]"
110,CT4,5,0008,10.05517329,2,"[(258.058915319204, 163.424779343584, 5.10673787706732), (268.316393900704, 205.885671564478, 9.83651247592258)]","[65.20498585979915, 29.555621488836866]","[(208.452582623493, 234.274774442492, 10.5508726335855), (189.830552236696, 299.383274251915, 7.42424084876405)]","[11.856448684918092, 73.22036930531615]"
111,CT4,5,0017,5.97605320281,3,"[(140.082187110082, 230.830505750229, 18.7319976766878), (161.466427389901, 216.260781006238, 17.1760946327985), (182.939129684017, 218.922772525194, 18.9801383225748)]","[23.091186609111286, 40.723986558250104, 22.4455411060485]","[(142.867951392401, 159.136222372051, 14.0725388589998), (309.454531186394, 162.642348068469, 19.4921177004491), (389.591555873372, 163.574322170485, 14.461842606281)]","[16.645518583497687, 103.6696139425206, 181.68652908782138]"
112,CT4,5,0017,11.7770925201,4,"[(142.867951392401, 159.136222372051, 14.0725388589998), (140.082187110082, 230.830505750229, 18.7319976766878), (161.466427389901, 216.260781006238, 17.1760946327985), (182.939129684017, 218.922772525194, 18.9801383225748)]","[17.816506359284777, 53.58246723906179, 57.24080060200634, 46.5421145604934]","[(309.454531186394, 162.642348068469, 19.4921177004491), (389.591555873372, 163.574322170485, 14.461842606281)]","[59.053684246215354, 137.75209500060458]"
113,CT4,14,0009,4.36283223918,2,"[(280.636167289209, 286.281191074848, 8.15213657098641), (263.630264860496, 302.107440048592, 8.63409064392248)]","[11.249830243453237, 11.007057346141075]",[],[]
114,CT4,14,0009,7.47728026716,2,"[(280.636167289209, 286.281191074848, 8.15213657098641), (263.630264860496, 302.107440048592, 8.63409064392248)]","[35.642525721151216, 34.979523643601674]",[],[]
115,CT4,22,0012,5.8656950988,9,"[(303.39749336631, 305.848607663893, 14.7350125667435), (281.673588484493, 266.975820136136, 10.8936730278268), (328.727627468754, 329.204415395128, 12.9441719345607), (284.464229037128, 318.750757424791, 10.672595591621), (284.932383057356, 274.968775440495, 10.9769609551568), (305.072220482558, 275.734084685565, 13.1714531734341), (301.657141481131, 266.990499154946, 12.1162649152462), (292.908264607745, 271.507564262665, 9.56458368766759), (348.180586907905, 309.382648070936, 11.1919440701665)]","[34.49508475462456, 11.825849731347155, 14.11026583632825, 12.595268133947876, 18.049713619852174, 24.611225339805607, 15.53365830951412, 19.801267236751812, 2.2493595888658615]","[(129.562072505817, 37.2038790096327, 14.0014335353526)]",[263.1053575196434]
116,CT4,22,0012,10.5456118549,9,"[(303.39749336631, 305.848607663893, 14.7350125667435), (281.673588484493, 266.975820136136, 10.8936730278268), (328.727627468754, 329.204415395128, 12.9441719345607), (284.464229037128, 318.750757424791, 10.672595591621), (284.932383057356, 274.968775440495, 10.9769609551568), (305.072220482558, 275.734084685565, 13.1714531734341), (301.657141481131, 266.990499154946, 12.1162649152462), (292.908264607745, 271.507564262665, 9.56458368766759), (348.180586907905, 309.382648070936, 11.1919440701665)]","[62.79263721004206, 48.34463779774225, 46.146862434997765, 42.21216278843796, 49.31005067601298, 66.22624529928348, 60.74310419297151, 57.836712187280476, 31.56921828386328]","[(129.562072505817, 37.2038790096327, 14.0014335353526)]",[212.27100200539215]
117,CT4,22,0022,4.84578881644,3,"[(156.515522085099, 116.138969499225, 24.9074882356955), (157.299710798885, 161.20109725638, 23.9964195503865), (158.455279812729, 127.694520197554, 20.4138534047076)]","[19.210672364458418, 6.240703586597175, 20.346950136459043]","[(294.730229230964, 275.220470530678, 20.5344115631007), (253.634522554393, 297.934946645409, 24.0374791727172), (204.998365979001, 249.667813652706, 21.746295102501), (291.158901175735, 285.460763627927, 20.3043634121953)]","[163.41162642983653, 155.53200693886706, 89.72472302465432, 168.1564041011551]"
118,CT4,22,0022,9.08385516291,3,"[(156.515522085099, 116.138969499225, 24.9074882356955), (157.299710798885, 161.20109725638, 23.9964195503865), (158.455279812729, 127.694520197554, 20.4138534047076)]","[42.81438271877085, 34.66631303037365, 45.67717241515935]","[(294.730229230964, 275.220470530678, 20.5344115631007), (253.634522554393, 297.934946645409, 24.0374791727172), (204.998365979001, 249.667813652706, 21.746295102501), (291.158901175735, 285.460763627927, 20.3043634121953)]","[132.36217333894123, 112.35043482572367, 44.33426425101078, 134.96642307845457]"
119,CT4,22,0026,4.83671979216,5,"[(253.634522554393, 297.934946645409, 24.0374791727172), (269.415877351572, 248.477548751406, 28.7067993803872), (295.912445744175, 294.056085256883, 26.8885473362479), (252.835530602564, 249.346353898945, 28.8096143137623), (255.253776361625, 224.286908726724, 27.7290240592431)]","[1.5328288708227753, 23.603581007022758, 6.584790959819468, 11.648463084699836, 3.693828840838026]","[(156.515522085099, 116.138969499225, 24.9074882356955), (166.971133518848, 143.42389250613, 25.5553565559113), (157.299710798885, 161.20109725638, 23.9964195503865)]","[149.93883479752012, 123.04830793162841, 117.73934260308756]"
120,CT4,22,0026,9.18704394348,5,"[(253.634522554393, 297.934946645409, 24.0374791727172), (269.415877351572, 248.477548751406, 28.7067993803872), (295.912445744175, 294.056085256883, 26.8885473362479), (252.835530602564, 249.346353898945, 28.8096143137623), (255.253776361625, 224.286908726724, 27.7290240592431)]","[28.476989089973046, 46.438082562676904, 29.427259493668384, 48.847395370474736, 29.916712318489367]","[(156.515522085099, 116.138969499225, 24.9074882356955), (166.971133518848, 143.42389250613, 25.5553565559113), (157.299710798885, 161.20109725638, 23.9964195503865)]","[115.34784908974167, 87.42373001314412, 80.33989830146143]"
121,CT4,7,0009,5.7271245798,4,"[(194.553451969574, 278.415579862811, 7.88371994474304), (215.82615968361, 234.406891790709, 10.6161141349022), (180.097310688497, 279.056138207332, 7.8528281098424), (158.201015986547, 221.887979674412, 6.13436405282071)]","[4.718092202418428, 9.528692876108991, 5.524586237072199, 12.467709496945044]","[(223.671559212274, 144.592549385256, 10.6602718375247)]",[60.91491820404715]
122,CT4,7,0009,9.94982653895,4,"[(194.553451969574, 278.415579862811, 7.88371994474304), (215.82615968361, 234.406891790709, 10.6161141349022), (180.097310688497, 279.056138207332, 7.8528281098424), (158.201015986547, 221.887979674412, 6.13436405282071)]","[36.407436400503215, 35.50802975020313, 39.621711594707726, 53.873090760710674]","[(223.671559212274, 144.592549385256, 10.6602718375247)]",[40.24441615403565]
123,CT4,7,0023,5.5503271848,4,"[(138.653077534783, 219.51960890412, 21.7186953545602), (136.855047523368, 285.99313989511, 25.082536202851), (138.844342839089, 213.225167540988, 21.1670605103512), (124.251070586153, 224.224094296268, 22.8071932928356)]","[5.362992949530149, 21.04640354745699, 0.9347688148934451, 7.3726416269265815]","[(326.765023693589, 166.540087742144, 23.1746679737097), (180.693348568129, 225.838430579229, 21.3395738239641), (308.969135616623, 165.20400131846, 23.4291035624458), (226.960280697839, 261.649458110961, 20.8601360040811), (264.067525303194, 141.844065120563, 21.1720778731073), (287.286155933547, 187.55103634994, 21.7350434788845)]","[170.3758467225752, 12.810498869359522, 154.67168664883832, 50.678934003439, 130.58153078144974, 125.90138080752808]"
124,CT4,7,0023,9.19940496472,5,"[(138.653077534783, 219.51960890412, 21.7186953545602), (136.855047523368, 285.99313989511, 25.082536202851), (180.693348568129, 225.838430579229, 21.3395738239641), (138.844342839089, 213.225167540988, 21.1670605103512), (124.251070586153, 224.224094296268, 22.8071932928356)]","[26.020896380583356, 39.12680392880138, 13.746256744022524, 20.04191601087387, 27.91570714631328]","[(326.765023693589, 166.540087742144, 23.1746679737097), (308.969135616623, 165.20400131846, 23.4291035624458), (226.960280697839, 261.649458110961, 20.8601360040811), (264.067525303194, 141.844065120563, 21.1720778731073), (287.286155933547, 187.55103634994, 21.7350434788845)]","[140.86090180169208, 124.77665690736407, 31.376328810058713, 99.60684717281485, 96.81695431813367]"
125,CT4,4,0009,5.45120733603,5,"[(204.251995028155, 237.723864713534, 8.24712125228515), (210.074574727231, 221.93941040719, 10.2762206019597), (241.050981186536, 243.50512865988, 11.2504072978902), (235.059605189898, 208.563112837196, 10.0304293388478), (225.735141159588, 235.995275477994, 10.7270375365674)]","[12.234301954851114, 23.43595028013356, 17.433632036098803, 27.036628377927553, 31.082717627120996]","[(395.897674985889, 453.967235418817, 11.7855033561524), (59.392939511204, 99.1112210316351, 6.82827572979473), (169.722858872778, 221.330165792088, 11.6779816286336), (244.787998962496, 277.23944585621, 8.36552803703882), (47.3178762711407, 63.0078648720541, 7.88420449983183), (410.080083932728, 394.025162980084, 11.7623138058487), (408.414779870469, 447.921133335393, 11.7441619489529), (131.143739370631, 58.8424306766179, 7.65496572026754), (114.172706665047, 104.124739534008, 7.70215309268298), (120.128888480641, 46.9497402278773, 8.40857440215518), (424.36894032854, 433.952224871806, 11.3753040536982)]","[243.7283275269851, 165.34152321112603, 15.124831139266949, 13.582021079853678, 196.23846451287395, 208.3761156342344, 246.4536366193698, 144.36588057876418, 118.8731902768525, 160.3718877702111, 246.43092934160092]"
126,CT4,4,0009,10.5864121585,7,"[(204.251995028155, 237.723864713534, 8.24712125228515), (210.074574727231, 221.93941040719, 10.2762206019597), (241.050981186536, 243.50512865988, 11.2504072978902), (169.722858872778, 221.330165792088, 11.6779816286336), (244.787998962496, 277.23944585621, 8.36552803703882), (235.059605189898, 208.563112837196, 10.0304293388478), (225.735141159588, 235.995275477994, 10.7270375365674)]","[57.00790943067291, 70.57528713262563, 45.9704022740346, 33.123091693603996, 24.954030678321303, 54.2620156872701, 62.24475152353863]","[(395.897674985889, 453.967235418817, 11.7855033561524), (59.392939511204, 99.1112210316351, 6.82827572979473), (47.3178762711407, 63.0078648720541, 7.88420449983183), (410.080083932728, 394.025162980084, 11.7623138058487), (408.414779870469, 447.921133335393, 11.7441619489529), (131.143739370631, 58.8424306766179, 7.65496572026754), (114.172706665047, 104.124739534008, 7.70215309268298), (120.128888480641, 46.9497402278773, 8.40857440215518), (424.36894032854, 433.952224871806, 11.3753040536982)]","[203.63305158190758, 115.6752804816161, 150.58809104540325, 170.1831761587803, 206.85108249688227, 102.11899458460019, 75.39923575734146, 117.85274173670389, 207.76296170312057]"
127,CT4,4,0014,6.40369440097,6,"[(395.897674985889, 453.967235418817, 11.7855033561524), (447.737310356712, 467.117165703727, 15.327225122064), (410.080083932728, 394.025162980084, 11.7623138058487), (408.414779870469, 447.921133335393, 11.7441619489529), (390.257586922813, 440.652776737109, 13.5399794566407), (424.36894032854, 433.952224871806, 11.3753040536982)]","[3.9486754790731604, 9.536204572360388, 13.891253757414374, 17.44846939642394, 8.028033446792147, 38.638786729894946]","[(241.050981186536, 243.50512865988, 11.2504072978902), (169.722858872778, 221.330165792088, 11.6779816286336)]","[210.02624118558026, 278.0002754050333]"
128,CT4,4,0014,11.7147287645,6,"[(395.897674985889, 453.967235418817, 11.7855033561524), (447.737310356712, 467.117165703727, 15.327225122064), (410.080083932728, 394.025162980084, 11.7623138058487), (408.414779870469, 447.921133335393, 11.7441619489529), (390.257586922813, 440.652776737109, 13.5399794566407), (424.36894032854, 433.952224871806, 11.3753040536982)]","[39.1849363303946, 36.545466468662454, 58.31001612039961, 50.78125906680206, 45.376659516180304, 68.61750090051294]","[(241.050981186536, 243.50512865988, 11.2504072978902), (169.722858872778, 221.330165792088, 11.6779816286336)]","[139.73924245886636, 208.32369272171863]"
129,CT4,17,0007,5.68094098881,7,"[(335.306175329885, 321.047114352431, 6.41819646489553), (290.715776149736, 315.098977196091, 8.27391439705197), (291.76708113875, 304.292433090214, 8.60649310013374), (299.226041742824, 288.842635301948, 5.04982682685416), (297.24339097249, 298.94200974273, 5.01380123492025), (305.707836254698, 297.6936368657, 8.64787620583251), (328.490541156197, 326.99118275891, 4.55487170267015)]","[16.155626180074968, 20.930631255803977, 22.88633517332047, 25.969041060684564, 27.59423218986711, 35.815249223952016, 22.60821818566016]",[],[]
130,CT4,17,0007,8.7790744653,7,"[(335.306175329885, 321.047114352431, 6.41819646489553), (290.715776149736, 315.098977196091, 8.27391439705197), (291.76708113875, 304.292433090214, 8.60649310013374), (299.226041742824, 288.842635301948, 5.04982682685416), (297.24339097249, 298.94200974273, 5.01380123492025), (305.707836254698, 297.6936368657, 8.64787620583251), (328.490541156197, 326.99118275891, 4.55487170267015)]","[35.95164116371445, 39.82303932640856, 41.64014935503827, 49.31986644797507, 47.509973024873595, 56.05534625742596, 38.95334116736953]",[],[]
131,CT4,8,0018,6.93043357921,4,"[(405.197123293338, 446.816269780491, 15.9412073690988), (455.477138938729, 419.358191511923, 15.1537117656095), (408.858712736193, 436.970578588273, 16.1457888230868), (449.664278373089, 367.174828778351, 17.6608420050703)]","[13.895809050462457, 11.56292195224336, 23.988606978857522, 5.933194197819475]","[(392.411778484463, 482.167609930323, 17.0444124140172)]",[22.395649439114525]
132,CT4,8,0018,10.9287504781,5,"[(405.197123293338, 446.816269780491, 15.9412073690988), (455.477138938729, 419.358191511923, 15.1537117656095), (408.858712736193, 436.970578588273, 16.1457888230868), (449.664278373089, 367.174828778351, 17.6608420050703), (392.411778484463, 482.167609930323, 17.0444124140172)]","[41.18722413695245, 29.255268926856044, 51.601310567087886, 21.551422150610797, 3.963073761817912]",[],[]
133,CT4,21,0013,5.86944563047,5,"[(378.292618547685, 327.466682841624, 13.7836000780604), (354.412749885556, 379.06061303502, 12.2240971419892), (376.80568067235, 354.996626926277, 11.820370219884), (337.657540756518, 322.35342001069, 13.0698158536962), (321.965954773459, 379.061691093931, 10.6040463019437)]","[2.7248042358294633, 4.857315531634741, 10.699905966504113, 24.0663083200548, 4.006530486218656]",[],[]
134,CT4,21,0013,12.6219706976,5,"[(378.292618547685, 327.466682841624, 13.7836000780604), (354.412749885556, 379.06061303502, 12.2240971419892), (376.80568067235, 354.996626926277, 11.820370219884), (337.657540756518, 322.35342001069, 13.0698158536962), (321.965954773459, 379.061691093931, 10.6040463019437)]","[44.65989525005028, 51.93608863383994, 52.83579662259145, 75.09182928915246, 54.05933797623084]",[],[]
135,CT4,21,0012,5.37757272937,0,[],[],"[(378.292618547685, 327.466682841624, 13.7836000780604), (354.412749885556, 379.06061303502, 12.2240971419892), (376.80568067235, 354.996626926277, 11.820370219884), (340.525057924211, 333.783721291726, 9.5845611450233), (337.657540756518, 322.35342001069, 13.0698158536962), (321.965954773459, 379.061691093931, 10.6040463019437)]","[269.27453004667336, 290.11026653233097, 286.96940246494484, 246.58126659330918, 236.2662407228156, 271.1825717792596]"
136,CT4,21,0012,10.9839349992,0,[],[],"[(378.292618547685, 327.466682841624, 13.7836000780604), (354.412749885556, 379.06061303502, 12.2240971419892), (376.80568067235, 354.996626926277, 11.820370219884), (340.525057924211, 333.783721291726, 9.5845611450233), (337.657540756518, 322.35342001069, 13.0698158536962), (321.965954773459, 379.061691093931, 10.6040463019437)]","[230.5176268307243, 248.18286519181126, 247.69996530055207, 206.7928091541278, 196.83673576037265, 226.55883891625524]"
137,CT4,21,0024,5.59587291455,3,"[(231.115632189279, 184.148657215323, 23.1846881302492), (256.881325052149, 197.736257955057, 21.7968546518055), (255.910029839652, 203.727003158114, 22.790240643496)]","[16.06039217610529, 23.48121758654951, 28.06251873057369]","[(194.398511540168, 212.681313484023, 23.6827815265525)]",[12.5230492118198]
138,CT4,21,0024,11.0209340213,4,"[(231.115632189279, 184.148657215323, 23.1846881302492), (256.881325052149, 197.736257955057, 21.7968546518055), (255.910029839652, 203.727003158114, 22.790240643496), (194.398511540168, 212.681313484023, 23.6827815265525)]","[57.731695310484895, 49.943943074012196, 51.70482204654382, 16.433561744926273]",[],[]
139,CT4,12,0008,4.98106038133,2,"[(49.0145723630296, 53.0108372059428, 6.71679286938786), (60.5551169657107, 63.8435918531603, 7.63078690641846)]","[3.5689732876712874, 15.71547530810874]",[],[]
140,CT4,12,0008,8.88640358552,2,"[(49.0145723630296, 53.0108372059428, 6.71679286938786), (60.5551169657107, 63.8435918531603, 7.63078690641846)]","[29.28726759214911, 37.80872690988916]",[],[]
141,CT4,18,0012,5.39581521468,6,"[(434.165789791647, 409.769778217634, 10.3432521350237), (400.059486549601, 404.269455081114, 9.29795943276033), (378.680136121236, 434.685196942113, 10.0734184133197), (403.568486485435, 370.021718953045, 10.1691556052492), (408.556742596566, 432.619204661278, 10.9974963527639), (399.37442922331, 417.248824327014, 10.2250404997543)]","[8.265903743863772, 35.98969540915497, 5.983738605042171, 4.312769131143958, 14.216179764844965, 30.41373152421456]",[],[]
142,CT4,18,0012,9.88216332059,6,"[(434.165789791647, 409.769778217634, 10.3432521350237), (400.059486549601, 404.269455081114, 9.29795943276033), (378.680136121236, 434.685196942113, 10.0734184133197), (403.568486485435, 370.021718953045, 10.1691556052492), (408.556742596566, 432.619204661278, 10.9974963527639), (399.37442922331, 417.248824327014, 10.2250404997543)]","[46.241944738799354, 59.28731117001412, 38.26110794300709, 38.626664622706, 46.50543930600121, 63.46589397754508]",[],[]
143,CT4,6,0007,6.31863014716,5,"[(328.754407160511, 324.355534352653, 6.24852963839646), (324.658376795237, 340.4688154955, 5.42671192627243), (353.78809417737, 311.777562270734, 5.99579363426905), (392.5902536733, 328.329939790369, 6.9854518262851), (338.148046418684, 376.640776740863, 8.84068416686227)]","[11.755751344597565, 5.5708841159004265, 16.249417199666233, 21.29477334289854, 4.193790425205375]","[(367.076054728215, 394.086240299578, 9.87110011411542)]",[8.297043618307288]
144,CT4,6,0007,11.9215297493,6,"[(328.754407160511, 324.355534352653, 6.24852963839646), (324.658376795237, 340.4688154955, 5.42671192627243), (353.78809417737, 311.777562270734, 5.99579363426905), (367.076054728215, 394.086240299578, 9.87110011411542), (392.5902536733, 328.329939790369, 6.9854518262851), (338.148046418684, 376.640776740863, 8.84068416686227)]","[53.01063718626048, 56.81068166666778, 55.86108520642269, 23.620958536377294, 61.87084254307379, 36.35756863656695]",[],[]
145,CT4,6,0019,5.32049522911,3,"[(52.6730897702253, 113.529400153574, 20.0475568409243), (51.158238484159, 87.2802369619717, 17.5416179060407), (32.4311523338345, 80.8305508567097, 20.6282960065502)]","[5.819941845946809, 20.953439636929502, 2.055846582397116]",[],[]
146,CT4,6,0019,9.21196943446,3,"[(52.6730897702253, 113.529400153574, 20.0475568409243), (51.158238484159, 87.2802369619717, 17.5416179060407), (32.4311523338345, 80.8305508567097, 20.6282960065502)]","[19.15804057804428, 40.76216337092643, 27.21687266342957]",[],[]
147,CT4,13,0009,5.77813531196,6,"[(212.663775585004, 317.956233696868, 11.9077888373596), (255.417220185743, 314.853404885511, 10.4401097505501), (262.169505991723, 322.346103172579, 8.56076766998915), (274.112898145505, 313.741061406989, 11.2070554853511), (277.057107192072, 305.315135472327, 6.97873739210978), (280.131091494389, 331.268600943927, 7.24878714486695)]","[6.933520974477492, 30.690361973320517, 33.97174039625056, 19.26237704310871, 12.09660215811796, 18.97321093120659]","[(341.108068304682, 337.879856263195, 11.1045322624547)]",[40.878673204360474]
148,CT4,13,0009,10.3588824669,7,"[(341.108068304682, 337.879856263195, 11.1045322624547), (212.663775585004, 317.956233696868, 11.9077888373596), (255.417220185743, 314.853404885511, 10.4401097505501), (262.169505991723, 322.346103172579, 8.56076766998915), (274.112898145505, 313.741061406989, 11.2070554853511), (277.057107192072, 305.315135472327, 6.97873739210978), (280.131091494389, 331.268600943927, 7.24878714486695)]","[7.709495500171994, 39.308205559060895, 54.478630843564275, 58.3658640244692, 45.719841439097884, 36.80739747797413, 59.58234819753426]",[],[]
